ISO-10303-21;
HEADER;
FILE_DESCRIPTION (( 'STEP AP214' ),
    '1' );
FILE_NAME ('MCP1700-3302ETO.STEP',
    '2023-01-14T10:02:01',
    ( '' ),
    ( '' ),
    'SwSTEP 2.0',
    'SolidWorks 2022',
    '' );
FILE_SCHEMA (( 'AUTOMOTIVE_DESIGN' ));
ENDSEC;

DATA;
#1 = CARTESIAN_POINT ( 'NONE',  ( 0.000000000000000000, 0.000000000000000000, -2.665000000000000036 ) ) ;
#2 = CARTESIAN_POINT ( 'NONE',  ( -3.817287407954111353E-16, 2.540000000000000036, -15.36500000000000021 ) ) ;
#3 = CARTESIAN_POINT ( 'NONE',  ( 0.2855000000000003091, 0.2349999999999997369, -2.665000000000000036 ) ) ;
#4 = EDGE_CURVE ( 'NONE', #741, #182, #387, .T. ) ;
#5 = ORIENTED_EDGE ( 'NONE', *, *, #514, .T. ) ;
#6 = FILL_AREA_STYLE_COLOUR ( '', #393 ) ;
#7 = LINE ( 'NONE', #499, #228 ) ;
#8 = DIRECTION ( 'NONE',  ( 0.9999959453959336164, 0.002847664252147528302, 0.000000000000000000 ) ) ;
#9 = DIRECTION ( 'NONE',  ( -1.000000000000000000, 3.460219699421825012E-16, 0.000000000000000000 ) ) ;
#10 = EDGE_CURVE ( 'NONE', #445, #1558, #884, .T. ) ;
#11 = FACE_OUTER_BOUND ( 'NONE', #1087, .T. ) ;
#12 =( NAMED_UNIT ( * ) SI_UNIT ( $, .STERADIAN. ) SOLID_ANGLE_UNIT ( ) );
#13 = PRESENTATION_STYLE_ASSIGNMENT (( #379 ) ) ;
#14 = FACE_OUTER_BOUND ( 'NONE', #1220, .T. ) ;
#15 = EDGE_CURVE ( 'NONE', #536, #699, #97, .T. ) ;
#16 = ORIENTED_EDGE ( 'NONE', *, *, #958, .F. ) ;
#17 = VECTOR ( 'NONE', #619, 1000.000000000000000 ) ;
#18 = DIRECTION ( 'NONE',  ( 0.000000000000000000, 0.000000000000000000, 1.000000000000000000 ) ) ;
#19 = EDGE_CURVE ( 'NONE', #1309, #1113, #268, .T. ) ;
#20 = SPHERICAL_SURFACE ( 'NONE', #1026, 0.1499999999999999944 ) ;
#21 = VECTOR ( 'NONE', #1514, 1000.000000000000000 ) ;
#22 = PLANE ( 'NONE',  #612 ) ;
#23 = SURFACE_STYLE_FILL_AREA ( #1126 ) ;
#24 = ADVANCED_BREP_SHAPE_REPRESENTATION ( 'MCP1700-3302ETO', ( #1381, #906, #371, #369, #886, #537 ), #670 ) ;
#25 = CARTESIAN_POINT ( 'NONE',  ( 0.006444264202664425935, -2.262990824430997527, 2.514999999999999680 ) ) ;
#26 = LINE ( 'NONE', #637, #932 ) ;
#27 = ADVANCED_FACE ( 'NONE', ( #1024 ), #1501, .T. ) ;
#28 = ORIENTED_EDGE ( 'NONE', *, *, #1464, .F. ) ;
#29 = DIRECTION ( 'NONE',  ( -1.000000000000000000, 0.000000000000000000, 0.000000000000000000 ) ) ;
#30 = FACE_OUTER_BOUND ( 'NONE', #388, .T. ) ;
#31 = FILL_AREA_STYLE ('',( #1274 ) ) ;
#32 = ORIENTED_EDGE ( 'NONE', *, *, #374, .F. ) ;
#33 = DIRECTION ( 'NONE',  ( -3.460219699421825012E-16, -1.000000000000000000, 0.000000000000000000 ) ) ;
#34 = EDGE_CURVE ( 'NONE', #1299, #818, #952, .T. ) ;
#35 = AXIS2_PLACEMENT_3D ( 'NONE', #1131, #767, #262 ) ;
#36 = CARTESIAN_POINT ( 'NONE',  ( -1.261999999999999122, 1.681664743892413716, -2.032399999999999540 ) ) ;
#37 = PRESENTATION_LAYER_ASSIGNMENT (  '', '', ( #1251 ) ) ;
#38 = DIRECTION ( 'NONE',  ( -0.000000000000000000, -0.000000000000000000, 1.000000000000000000 ) ) ;
#39 = CIRCLE ( 'NONE', #148, 0.2413000000000002920 ) ;
#40 = CARTESIAN_POINT ( 'NONE',  ( -0.006629097209469335568, 2.412420029144759503, 2.514999999999999680 ) ) ;
#41 = ORIENTED_EDGE ( 'NONE', *, *, #915, .F. ) ;
#42 = CIRCLE ( 'NONE', #1175, 0.1499999999999999667 ) ;
#43 = LINE ( 'NONE', #1134, #1180 ) ;
#44 = VECTOR ( 'NONE', #1204, 1000.000000000000000 ) ;
#45 = ADVANCED_FACE ( 'NONE', ( #1273 ), #778, .T. ) ;
#46 = ORIENTED_EDGE ( 'NONE', *, *, #1319, .T. ) ;
#47 = PRESENTATION_LAYER_ASSIGNMENT (  '', '', ( #1050 ) ) ;
#48 = SURFACE_STYLE_USAGE ( .BOTH. , #184 ) ;
#49 =( NAMED_UNIT ( * ) PLANE_ANGLE_UNIT ( ) SI_UNIT ( $, .RADIAN. ) );
#50 = EDGE_CURVE ( 'NONE', #789, #445, #149, .T. ) ;
#51 = DIRECTION ( 'NONE',  ( 1.000000000000000000, 0.000000000000000000, 0.000000000000000000 ) ) ;
#52 = CARTESIAN_POINT ( 'NONE',  ( -0.1594999999999997253, 0.2349999999999999589, -15.36500000000000021 ) ) ;
#53 = ORIENTED_EDGE ( 'NONE', *, *, #1169, .F. ) ;
#54 = CARTESIAN_POINT ( 'NONE',  ( 0.000000000000000000, 0.000000000000000000, 2.514999999999999680 ) ) ;
#55 = ORIENTED_EDGE ( 'NONE', *, *, #503, .T. ) ;
#56 = DIRECTION ( 'NONE',  ( -1.000000000000000000, 0.000000000000000000, 0.000000000000000000 ) ) ;
#57 = SURFACE_STYLE_USAGE ( .BOTH. , #1176 ) ;
#58 = SPHERICAL_SURFACE ( 'NONE', #363, 0.1499999999999999944 ) ;
#59 = EDGE_CURVE ( 'NONE', #965, #1458, #1170, .T. ) ;
#60 = ORIENTED_EDGE ( 'NONE', *, *, #474, .F. ) ;
#61 = DIRECTION ( 'NONE',  ( 1.000000000000000000, 1.413123404537535277E-16, 0.000000000000000000 ) ) ;
#62 = ADVANCED_FACE ( 'NONE', ( #30 ), #522, .T. ) ;
#63 = SURFACE_STYLE_FILL_AREA ( #331 ) ;
#64 = CARTESIAN_POINT ( 'NONE',  ( -1.271999999999999353, 1.681664743892413716, -2.273699999999999832 ) ) ;
#65 = VECTOR ( 'NONE', #1259, 1000.000000000000000 ) ;
#66 =( GEOMETRIC_REPRESENTATION_CONTEXT ( 3 ) GLOBAL_UNCERTAINTY_ASSIGNED_CONTEXT ( ( #248 ) ) GLOBAL_UNIT_ASSIGNED_CONTEXT ( ( #1156, #49, #322 ) ) REPRESENTATION_CONTEXT ( 'NONE', 'WORKASPACE' ) );
#67 = EDGE_LOOP ( 'NONE', ( #1535, #598, #1166, #676 ) ) ;
#68 = DIRECTION ( 'NONE',  ( -0.000000000000000000, 0.000000000000000000, 1.000000000000000000 ) ) ;
#69 = ORIENTED_EDGE ( 'NONE', *, *, #221, .F. ) ;
#70 = CIRCLE ( 'NONE', #1513, 0.1499999999999999944 ) ;
#71 = ADVANCED_FACE ( 'NONE', ( #1265 ), #192, .F. ) ;
#72 = ADVANCED_FACE ( 'NONE', ( #673 ), #1406, .T. ) ;
#73 = ORIENTED_EDGE ( 'NONE', *, *, #94, .F. ) ;
#74 = AXIS2_PLACEMENT_3D ( 'NONE', #1305, #560, #1051 ) ;
#75 = CARTESIAN_POINT ( 'NONE',  ( -1.121999999999998998, -2.164264743892414966, 2.514999999999999680 ) ) ;
#76 = PRESENTATION_STYLE_ASSIGNMENT (( #1174 ) ) ;
#77 = AXIS2_PLACEMENT_3D ( 'NONE', #1038, #442, #1157 ) ;
#78 = AXIS2_PLACEMENT_3D ( 'NONE', #365, #118, #1219 ) ;
#79 = CARTESIAN_POINT ( 'NONE',  ( 0.006444264202664425935, -2.262990824430997527, -2.514999999999999680 ) ) ;
#80 = ORIENTED_EDGE ( 'NONE', *, *, #1562, .F. ) ;
#81 = CARTESIAN_POINT ( 'NONE',  ( -1.121999999999999664, 2.164264743892413634, 2.514999999999999680 ) ) ;
#82 = VERTEX_POINT ( 'NONE', #297 ) ;
#83 = ORIENTED_EDGE ( 'NONE', *, *, #641, .T. ) ;
#84 = ADVANCED_FACE ( 'NONE', ( #335 ), #1284, .T. ) ;
#85 =( LENGTH_UNIT ( ) NAMED_UNIT ( * ) SI_UNIT ( .MILLI., .METRE. ) );
#86 = DIRECTION ( 'NONE',  ( 0.9961946980917457672, 0.08715574274765530705, 0.000000000000000000 ) ) ;
#87 = CARTESIAN_POINT ( 'NONE',  ( 0.006444264202678920417, 2.262990824430997527, 2.514999999999999680 ) ) ;
#88 = ORIENTED_EDGE ( 'NONE', *, *, #1562, .T. ) ;
#89 = DIRECTION ( 'NONE',  ( -1.413123404537535277E-16, 1.000000000000000000, -0.000000000000000000 ) ) ;
#90 = ORIENTED_EDGE ( 'NONE', *, *, #4, .F. ) ;
#91 = PRESENTATION_STYLE_ASSIGNMENT (( #1559 ) ) ;
#92 = FACE_OUTER_BOUND ( 'NONE', #1059, .T. ) ;
#93 = SURFACE_SIDE_STYLE ('',( #309 ) ) ;
#94 = EDGE_CURVE ( 'NONE', #1390, #1383, #177, .T. ) ;
#95 = VERTEX_POINT ( 'NONE', #429 ) ;
#96 = DIRECTION ( 'NONE',  ( -0.000000000000000000, -0.000000000000000000, 1.000000000000000000 ) ) ;
#97 = CIRCLE ( 'NONE', #748, 0.1500000000000000500 ) ;
#98 = AXIS2_PLACEMENT_3D ( 'NONE', #392, #1258, #624 ) ;
#99 = ORIENTED_EDGE ( 'NONE', *, *, #366, .T. ) ;
#100 = AXIS2_PLACEMENT_3D ( 'NONE', #175, #1541, #792 ) ;
#101 = DIRECTION ( 'NONE',  ( -0.08715574274765605645, -0.9961946980917456562, 0.000000000000000000 ) ) ;
#102 = VECTOR ( 'NONE', #1066, 1000.000000000000000 ) ;
#103 = CARTESIAN_POINT ( 'NONE',  ( -0.1594999999999998641, -0.2349999999999999589, -15.36500000000000021 ) ) ;
#104 = CARTESIAN_POINT ( 'NONE',  ( -1.261999999999999122, 1.681664743892413716, -1.791099999999999470 ) ) ;
#105 = MECHANICAL_DESIGN_GEOMETRIC_PRESENTATION_REPRESENTATION (  '', ( #130 ), #1473 ) ;
#106 = EDGE_CURVE ( 'NONE', #699, #603, #1537, .T. ) ;
#107 = EDGE_LOOP ( 'NONE', ( #382, #208, #679, #1421 ) ) ;
#108 = SURFACE_SIDE_STYLE ('',( #871 ) ) ;
#109 = ORIENTED_EDGE ( 'NONE', *, *, #846, .T. ) ;
#110 = DIRECTION ( 'NONE',  ( -0.000000000000000000, -0.000000000000000000, 1.000000000000000000 ) ) ;
#111 = PRESENTATION_STYLE_ASSIGNMENT (( #596 ) ) ;
#112 = CARTESIAN_POINT ( 'NONE',  ( -1.271999999999999353, 1.681664743892413716, -1.791099999999999470 ) ) ;
#113 = ORIENTED_EDGE ( 'NONE', *, *, #1596, .F. ) ;
#114 = LINE ( 'NONE', #979, #881 ) ;
#115 = EDGE_CURVE ( 'NONE', #536, #182, #548, .T. ) ;
#116 = ADVANCED_FACE ( 'NONE', ( #1031 ), #540, .T. ) ;
#117 = LINE ( 'NONE', #671, #984 ) ;
#118 = DIRECTION ( 'NONE',  ( -0.000000000000000000, 0.000000000000000000, 1.000000000000000000 ) ) ;
#119 = EDGE_LOOP ( 'NONE', ( #1268, #1548, #254, #1168 ) ) ;
#120 = SURFACE_STYLE_USAGE ( .BOTH. , #108 ) ;
#121 = FILL_AREA_STYLE_COLOUR ( '', #645 ) ;
#122 = AXIS2_PLACEMENT_3D ( 'NONE', #1526, #428, #321 ) ;
#123 = SURFACE_STYLE_USAGE ( .BOTH. , #1193 ) ;
#124 = CIRCLE ( 'NONE', #1469, 0.1499999999999999667 ) ;
#125 = CARTESIAN_POINT ( 'NONE',  ( -1.261999999999999122, 1.681664743892413716, -2.032399999999999540 ) ) ;
#126 = ORIENTED_EDGE ( 'NONE', *, *, #633, .T. ) ;
#127 = AXIS2_PLACEMENT_3D ( 'NONE', #283, #787, #1266 ) ;
#128 = ORIENTED_EDGE ( 'NONE', *, *, #1414, .T. ) ;
#129 = DIRECTION ( 'NONE',  ( 0.000000000000000000, 1.000000000000000000, 0.000000000000000000 ) ) ;
#130 = STYLED_ITEM ( 'NONE', ( #13 ), #1307 ) ;
#131 = PRESENTATION_STYLE_ASSIGNMENT (( #1190 ) ) ;
#132 = CARTESIAN_POINT ( 'NONE',  ( 0.006444264202668009006, -2.262990824430997527, -2.514999999999999680 ) ) ;
#133 = EDGE_CURVE ( 'NONE', #971, #1135, #358, .T. ) ;
#134 = CARTESIAN_POINT ( 'NONE',  ( 0.006444264202664393842, -2.262990824430997527, 2.514999999999999680 ) ) ;
#135 = VERTEX_POINT ( 'NONE', #1164 ) ;
#136 = LINE ( 'NONE', #987, #465 ) ;
#137 = FACE_OUTER_BOUND ( 'NONE', #988, .T. ) ;
#138 = DIRECTION ( 'NONE',  ( 0.000000000000000000, 0.000000000000000000, -1.000000000000000000 ) ) ;
#139 = CARTESIAN_POINT ( 'NONE',  ( -1.271999999999999353, 1.681664743892413716, -2.032399999999999540 ) ) ;
#140 = ADVANCED_FACE ( 'NONE', ( #1552 ), #857, .T. ) ;
#141 =( NAMED_UNIT ( * ) PLANE_ANGLE_UNIT ( ) SI_UNIT ( $, .RADIAN. ) );
#142 = CARTESIAN_POINT ( 'NONE',  ( -0.1595000000000000584, 1.035000000000000142, -15.36500000000000021 ) ) ;
#143 = MECHANICAL_DESIGN_GEOMETRIC_PRESENTATION_REPRESENTATION (  '', ( #356 ), #1487 ) ;
#144 = CLOSED_SHELL ( 'NONE', ( #781, #945, #340, #213, #1105, #1293 ) ) ;
#145 = ADVANCED_FACE ( 'NONE', ( #936 ), #944, .F. ) ;
#146 = FILL_AREA_STYLE ('',( #266 ) ) ;
#147 = MECHANICAL_DESIGN_GEOMETRIC_PRESENTATION_REPRESENTATION (  '', ( #611 ), #1336 ) ;
#148 = AXIS2_PLACEMENT_3D ( 'NONE', #885, #594, #477 ) ;
#149 = LINE ( 'NONE', #893, #65 ) ;
#150 = EDGE_CURVE ( 'NONE', #971, #378, #250, .T. ) ;
#151 = CARTESIAN_POINT ( 'NONE',  ( 0.006444264202678959448, 2.262990824430997527, -2.514999999999999680 ) ) ;
#152 = VECTOR ( 'NONE', #1453, 1000.000000000000000 ) ;
#153 = CARTESIAN_POINT ( 'NONE',  ( -1.121999999999998998, -2.164264743892414966, -2.514999999999999680 ) ) ;
#154 = DIRECTION ( 'NONE',  ( 2.883516416184852533E-16, 1.000000000000000000, -0.000000000000000000 ) ) ;
#155 = CARTESIAN_POINT ( 'NONE',  ( -0.1595000000000000584, 1.035000000000000142, -15.36500000000000021 ) ) ;
#156 = ADVANCED_FACE ( 'NONE', ( #584 ), #344, .F. ) ;
#157 = ORIENTED_EDGE ( 'NONE', *, *, #973, .F. ) ;
#158 = CARTESIAN_POINT ( 'NONE',  ( 0.006444264202664392975, -2.262990824430997527, 2.665000000000000036 ) ) ;
#159 = SURFACE_SIDE_STYLE ('',( #23 ) ) ;
#160 = FACE_OUTER_BOUND ( 'NONE', #346, .T. ) ;
#161 = FACE_OUTER_BOUND ( 'NONE', #941, .T. ) ;
#162 = DIRECTION ( 'NONE',  ( 2.883516416184852533E-16, 1.000000000000000000, -0.000000000000000000 ) ) ;
#163 = ORIENTED_EDGE ( 'NONE', *, *, #846, .F. ) ;
#164 = PLANE ( 'NONE',  #122 ) ;
#165 = AXIS2_PLACEMENT_3D ( 'NONE', #1337, #607, #1481 ) ;
#166 = SURFACE_STYLE_FILL_AREA ( #31 ) ;
#167 = AXIS2_PLACEMENT_3D ( 'NONE', #1240, #264, #847 ) ;
#168 = DIRECTION ( 'NONE',  ( 1.000000000000000000, 0.000000000000000000, 0.000000000000000000 ) ) ;
#169 = ORIENTED_EDGE ( 'NONE', *, *, #769, .T. ) ;
#170 = CIRCLE ( 'NONE', #728, 2.263000000000000345 ) ;
#171 =( NAMED_UNIT ( * ) SI_UNIT ( $, .STERADIAN. ) SOLID_ANGLE_UNIT ( ) );
#172 = VECTOR ( 'NONE', #406, 1000.000000000000114 ) ;
#173 = CIRCLE ( 'NONE', #534, 0.1499999999999999667 ) ;
#174 = EDGE_LOOP ( 'NONE', ( #1603, #453 ) ) ;
#175 = CARTESIAN_POINT ( 'NONE',  ( 0.000000000000000000, 0.000000000000000000, 2.514999999999999680 ) ) ;
#176 = EDGE_CURVE ( 'NONE', #819, #741, #496, .T. ) ;
#177 = LINE ( 'NONE', #706, #800 ) ;
#178 = CARTESIAN_POINT ( 'NONE',  ( -1.135073361412147985, 2.313693948606175610, 2.665000000000000036 ) ) ;
#179 = ORIENTED_EDGE ( 'NONE', *, *, #19, .T. ) ;
#180 = CARTESIAN_POINT ( 'NONE',  ( 0.006444264202682428028, 2.262990824430997527, 2.665000000000000036 ) ) ;
#181 = ORIENTED_EDGE ( 'NONE', *, *, #1530, .F. ) ;
#182 = VERTEX_POINT ( 'NONE', #733 ) ;
#183 = PRESENTATION_STYLE_ASSIGNMENT (( #351 ) ) ;
#184 = SURFACE_SIDE_STYLE ('',( #1030 ) ) ;
#185 = EDGE_CURVE ( 'NONE', #819, #962, #298, .T. ) ;
#186 = CARTESIAN_POINT ( 'NONE',  ( -1.258926638587851254, 2.152285215281265707, 2.665000000000000036 ) ) ;
#187 = EDGE_LOOP ( 'NONE', ( #1340, #479, #669, #1412, #1550 ) ) ;
#188 = FACE_OUTER_BOUND ( 'NONE', #187, .T. ) ;
#189 = ORIENTED_EDGE ( 'NONE', *, *, #1243, .T. ) ;
#190 = DIRECTION ( 'NONE',  ( 0.000000000000000000, 0.000000000000000000, 1.000000000000000000 ) ) ;
#191 = FILL_AREA_STYLE ('',( #307 ) ) ;
#192 = CYLINDRICAL_SURFACE ( 'NONE', #1226, 0.2413000000000002920 ) ;
#193 = DIRECTION ( 'NONE',  ( -1.000000000000000000, 0.000000000000000000, 0.000000000000000000 ) ) ;
#194 = AXIS2_PLACEMENT_3D ( 'NONE', #567, #1441, #458 ) ;
#195 = ORIENTED_EDGE ( 'NONE', *, *, #352, .F. ) ;
#196 = CARTESIAN_POINT ( 'NONE',  ( -0.1594999999999997253, 0.2349999999999999589, -15.36500000000000021 ) ) ;
#197 = ORIENTED_EDGE ( 'NONE', *, *, #1013, .F. ) ;
#198 = ADVANCED_FACE ( 'NONE', ( #1346 ), #855, .F. ) ;
#199 = LINE ( 'NONE', #1566, #756 ) ;
#200 = CIRCLE ( 'NONE', #1279, 0.1499999999999999944 ) ;
#201 = EDGE_LOOP ( 'NONE', ( #1316, #840, #689 ) ) ;
#202 = VECTOR ( 'NONE', #1574, 1000.000000000000000 ) ;
#203 = CARTESIAN_POINT ( 'NONE',  ( -1.135073361412147985, 2.313693948606175610, 2.514999999999999680 ) ) ;
#204 = DIRECTION ( 'NONE',  ( -0.000000000000000000, 0.000000000000000000, 1.000000000000000000 ) ) ;
#205 = AXIS2_PLACEMENT_3D ( 'NONE', #1182, #476, #1422 ) ;
#206 = SURFACE_STYLE_FILL_AREA ( #1313 ) ;
#207 = CARTESIAN_POINT ( 'NONE',  ( -1.261999999999999122, 1.681664743892413716, -1.791099999999999470 ) ) ;
#208 = ORIENTED_EDGE ( 'NONE', *, *, #1345, .F. ) ;
#209 = CARTESIAN_POINT ( 'NONE',  ( 0.000000000000000000, 0.000000000000000000, 2.665000000000000036 ) ) ;
#210 =( NAMED_UNIT ( * ) PLANE_ANGLE_UNIT ( ) SI_UNIT ( $, .RADIAN. ) );
#211 = ORIENTED_EDGE ( 'NONE', *, *, #1414, .F. ) ;
#212 = DIRECTION ( 'NONE',  ( 1.000000000000000000, -2.883516416184853026E-16, 0.000000000000000000 ) ) ;
#213 = ADVANCED_FACE ( 'NONE', ( #14 ), #405, .F. ) ;
#214 = PLANE ( 'NONE',  #463 ) ;
#215 = CARTESIAN_POINT ( 'NONE',  ( -0.1594999999999998641, -0.2349999999999999589, -15.36500000000000021 ) ) ;
#216 = ORIENTED_EDGE ( 'NONE', *, *, #575, .F. ) ;
#217 = LINE ( 'NONE', #1187, #487 ) ;
#218 = ORIENTED_EDGE ( 'NONE', *, *, #964, .F. ) ;
#219 = CARTESIAN_POINT ( 'NONE',  ( -1.271999999999999353, -1.797492970571744004E-16, 2.665000000000000036 ) ) ;
#220 = DIRECTION ( 'NONE',  ( 1.000000000000000000, 0.000000000000000000, 0.000000000000000000 ) ) ;
#221 = EDGE_CURVE ( 'NONE', #436, #1089, #1098, .T. ) ;
#222 = DIRECTION ( 'NONE',  ( -1.000000000000000000, -0.000000000000000000, -0.000000000000000000 ) ) ;
#223 = ORIENTED_EDGE ( 'NONE', *, *, #542, .F. ) ;
#224 = DIRECTION ( 'NONE',  ( 1.413123404537535277E-16, -1.000000000000000000, 0.000000000000000000 ) ) ;
#225 = COLOUR_RGB ( '',0.8039215686274510109, 0.8039215686274510109, 0.8039215686274510109 ) ;
#226 = ORIENTED_EDGE ( 'NONE', *, *, #1054, .T. ) ;
#227 = DIRECTION ( 'NONE',  ( 0.08715574274768057850, 0.9961946980917435468, 0.000000000000000000 ) ) ;
#228 = VECTOR ( 'NONE', #995, 1000.000000000000000 ) ;
#229 = MECHANICAL_DESIGN_GEOMETRIC_PRESENTATION_REPRESENTATION (  '', ( #860 ), #1472 ) ;
#230 = ORIENTED_EDGE ( 'NONE', *, *, #1025, .F. ) ;
#231 = AXIS2_PLACEMENT_3D ( 'NONE', #608, #1482, #233 ) ;
#232 = EDGE_CURVE ( 'NONE', #1063, #1578, #556, .T. ) ;
#233 = DIRECTION ( 'NONE',  ( 1.000000000000000000, 0.000000000000000000, 0.000000000000000000 ) ) ;
#234 = AXIS2_PLACEMENT_3D ( 'NONE', #132, #8, #1335 ) ;
#235 = ORIENTED_EDGE ( 'NONE', *, *, #247, .F. ) ;
#236 = CARTESIAN_POINT ( 'NONE',  ( -0.1594999999999995310, -1.035000000000000142, -15.36500000000000021 ) ) ;
#237 = LINE ( 'NONE', #731, #882 ) ;
#238 = PRESENTATION_STYLE_ASSIGNMENT (( #123 ) ) ;
#239 = DIRECTION ( 'NONE',  ( 0.000000000000000000, 0.000000000000000000, 1.000000000000000000 ) ) ;
#240 = EDGE_LOOP ( 'NONE', ( #1483, #197, #1238, #1028 ) ) ;
#241 = SPHERICAL_SURFACE ( 'NONE', #1363, 0.1499999999999999944 ) ;
#242 = CYLINDRICAL_SURFACE ( 'NONE', #469, 0.2413000000000002920 ) ;
#243 = CARTESIAN_POINT ( 'NONE',  ( -1.135073361412147319, -2.313693948606176942, -2.665000000000000036 ) ) ;
#244 = VERTEX_POINT ( 'NONE', #282 ) ;
#245 = CARTESIAN_POINT ( 'NONE',  ( -1.271999999999999131, -2.164264743892414966, 2.514999999999999680 ) ) ;
#246 = FACE_OUTER_BOUND ( 'NONE', #317, .T. ) ;
#247 = EDGE_CURVE ( 'NONE', #685, #1578, #923, .T. ) ;
#248 = UNCERTAINTY_MEASURE_WITH_UNIT (LENGTH_MEASURE( 1.000000000000000082E-05 ), #1156, 'distance_accuracy_value', 'NONE');
#249 = SURFACE_SIDE_STYLE ('',( #1241 ) ) ;
#250 = CIRCLE ( 'NONE', #165, 0.1499999999999999944 ) ;
#251 = LINE ( 'NONE', #1237, #1595 ) ;
#252 = VECTOR ( 'NONE', #1000, 1000.000000000000000 ) ;
#253 = COLOUR_RGB ( '',0.9607843137254902244, 0.9607843137254902244, 0.9607843137254902244 ) ;
#254 = ORIENTED_EDGE ( 'NONE', *, *, #964, .T. ) ;
#255 = FACE_OUTER_BOUND ( 'NONE', #201, .T. ) ;
#256 = AXIS2_PLACEMENT_3D ( 'NONE', #125, #617, #975 ) ;
#257 = VECTOR ( 'NONE', #1247, 1000.000000000000000 ) ;
#258 = CARTESIAN_POINT ( 'NONE',  ( -1.261999999999999122, 1.681664743892413716, -2.032399999999999540 ) ) ;
#259 = DIRECTION ( 'NONE',  ( -1.000000000000000000, -0.000000000000000000, -0.000000000000000000 ) ) ;
#260 = EDGE_CURVE ( 'NONE', #306, #1287, #409, .T. ) ;
#261 = DIRECTION ( 'NONE',  ( -1.000000000000000000, 0.000000000000000000, 0.000000000000000000 ) ) ;
#262 = DIRECTION ( 'NONE',  ( 1.000000000000000000, 0.000000000000000000, 0.000000000000000000 ) ) ;
#263 = CARTESIAN_POINT ( 'NONE',  ( -1.121999999999999442, 2.164264743892413634, 2.514999999999999680 ) ) ;
#264 = DIRECTION ( 'NONE',  ( 0.000000000000000000, -0.000000000000000000, -1.000000000000000000 ) ) ;
#265 = UNCERTAINTY_MEASURE_WITH_UNIT (LENGTH_MEASURE( 1.000000000000000082E-05 ), #1594, 'distance_accuracy_value', 'NONE');
#266 = FILL_AREA_STYLE_COLOUR ( '', #431 ) ;
#267 = EDGE_CURVE ( 'NONE', #182, #962, #649, .T. ) ;
#268 = LINE ( 'NONE', #1370, #999 ) ;
#269 = SURFACE_SIDE_STYLE ('',( #517 ) ) ;
#270 = DIRECTION ( 'NONE',  ( -1.000000000000000000, -1.413123404537535277E-16, 0.000000000000000000 ) ) ;
#271 =( NAMED_UNIT ( * ) PLANE_ANGLE_UNIT ( ) SI_UNIT ( $, .RADIAN. ) );
#272 = PRESENTATION_LAYER_ASSIGNMENT (  '', '', ( #638 ) ) ;
#273 = AXIS2_PLACEMENT_3D ( 'NONE', #1357, #1328, #220 ) ;
#274 = CARTESIAN_POINT ( 'NONE',  ( -0.1595000000000000584, 1.035000000000000142, -2.665000000000000036 ) ) ;
#275 = CARTESIAN_POINT ( 'NONE',  ( -0.1594999999999995310, -1.035000000000000142, -15.36500000000000021 ) ) ;
#276 = CIRCLE ( 'NONE', #127, 0.1500000000000001332 ) ;
#277 = ADVANCED_FACE ( 'NONE', ( #1498 ), #1375, .T. ) ;
#278 = PRESENTATION_LAYER_ASSIGNMENT (  '', '', ( #982 ) ) ;
#279 = CARTESIAN_POINT ( 'NONE',  ( -1.135073361412147319, -2.313693948606176942, -2.514999999999999680 ) ) ;
#280 = LINE ( 'NONE', #1262, #1082 ) ;
#281 = VECTOR ( 'NONE', #1402, 1000.000000000000000 ) ;
#282 = CARTESIAN_POINT ( 'NONE',  ( 2.413000000000000256, 0.000000000000000000, -2.514999999999999680 ) ) ;
#283 = CARTESIAN_POINT ( 'NONE',  ( -1.121999999999999442, 2.164264743892413634, 2.514999999999999680 ) ) ;
#284 = CARTESIAN_POINT ( 'NONE',  ( 0.000000000000000000, 0.000000000000000000, -2.665000000000000036 ) ) ;
#285 = EDGE_CURVE ( 'NONE', #579, #875, #766, .T. ) ;
#286 = DIRECTION ( 'NONE',  ( -0.000000000000000000, 0.000000000000000000, 1.000000000000000000 ) ) ;
#287 = ORIENTED_EDGE ( 'NONE', *, *, #1282, .F. ) ;
#288 = FACE_OUTER_BOUND ( 'NONE', #1556, .T. ) ;
#289 = CARTESIAN_POINT ( 'NONE',  ( -1.121999999999999442, 2.164264743892413634, 2.514999999999999680 ) ) ;
#290 = DIRECTION ( 'NONE',  ( -0.9961946980917459893, -0.08715574274765462703, -1.440101941186150108E-15 ) ) ;
#291 = LINE ( 'NONE', #905, #1047 ) ;
#292 = DIRECTION ( 'NONE',  ( 0.9961946980917457672, 0.08715574274765530705, -0.000000000000000000 ) ) ;
#293 = ADVANCED_FACE ( 'NONE', ( #655 ), #22, .F. ) ;
#294 = ORIENTED_EDGE ( 'NONE', *, *, #712, .F. ) ;
#295 = ORIENTED_EDGE ( 'NONE', *, *, #973, .T. ) ;
#296 = AXIS2_PLACEMENT_3D ( 'NONE', #153, #1244, #650 ) ;
#297 = CARTESIAN_POINT ( 'NONE',  ( -1.261999999999999122, 1.681664743892413716, -1.791099999999999470 ) ) ;
#298 = CIRCLE ( 'NONE', #1509, 0.1499999999999999667 ) ;
#299 = DIRECTION ( 'NONE',  ( -0.000000000000000000, -0.000000000000000000, -1.000000000000000000 ) ) ;
#300 = AXIS2_PLACEMENT_3D ( 'NONE', #158, #1242, #261 ) ;
#301 = ORIENTED_EDGE ( 'NONE', *, *, #1215, .T. ) ;
#302 = DIRECTION ( 'NONE',  ( 0.08715574274765516827, 0.9961946980917457672, 0.000000000000000000 ) ) ;
#303 = AXIS2_PLACEMENT_3D ( 'NONE', #1386, #402, #783 ) ;
#304 = DIRECTION ( 'NONE',  ( 0.000000000000000000, 0.000000000000000000, 1.000000000000000000 ) ) ;
#305 = STYLED_ITEM ( 'NONE', ( #425 ), #906 ) ;
#306 = VERTEX_POINT ( 'NONE', #909 ) ;
#307 = FILL_AREA_STYLE_COLOUR ( '', #727 ) ;
#308 = EDGE_CURVE ( 'NONE', #971, #1210, #251, .T. ) ;
#309 = SURFACE_STYLE_FILL_AREA ( #558 ) ;
#310 = ORIENTED_EDGE ( 'NONE', *, *, #575, .T. ) ;
#311 = CARTESIAN_POINT ( 'NONE',  ( -0.1594999999999995310, -1.035000000000000142, -15.36500000000000021 ) ) ;
#312 = VERTEX_POINT ( 'NONE', #924 ) ;
#313 = CARTESIAN_POINT ( 'NONE',  ( -0.1594999999999997253, 0.2349999999999999589, -15.36500000000000021 ) ) ;
#314 = DIRECTION ( 'NONE',  ( -0.000000000000000000, 0.000000000000000000, 1.000000000000000000 ) ) ;
#315 = ADVANCED_FACE ( 'NONE', ( #288 ), #935, .F. ) ;
#316 = DIRECTION ( 'NONE',  ( -0.08715574274765462703, -0.9961946980917457672, 0.000000000000000000 ) ) ;
#317 = EDGE_LOOP ( 'NONE', ( #169, #703, #870, #1443, #546, #55 ) ) ;
#318 = DIRECTION ( 'NONE',  ( -0.000000000000000000, 0.000000000000000000, 1.000000000000000000 ) ) ;
#319 = VERTEX_POINT ( 'NONE', #440 ) ;
#320 = EDGE_LOOP ( 'NONE', ( #1440, #697, #908, #739 ) ) ;
#321 = DIRECTION ( 'NONE',  ( -3.460219699421825012E-16, -1.000000000000000000, 0.000000000000000000 ) ) ;
#322 =( NAMED_UNIT ( * ) SI_UNIT ( $, .STERADIAN. ) SOLID_ANGLE_UNIT ( ) );
#323 = DIRECTION ( 'NONE',  ( 0.000000000000000000, 1.000000000000000000, 0.000000000000000000 ) ) ;
#324 = VECTOR ( 'NONE', #441, 1000.000000000000114 ) ;
#325 = ORIENTED_EDGE ( 'NONE', *, *, #921, .F. ) ;
#326 = DIRECTION ( 'NONE',  ( -0.9961946980917457672, -0.08715574274765530705, 0.000000000000000000 ) ) ;
#327 = ADVANCED_FACE ( 'NONE', ( #801 ), #802, .T. ) ;
#328 = AXIS2_PLACEMENT_3D ( 'NONE', #1167, #68, #551 ) ;
#329 = ORIENTED_EDGE ( 'NONE', *, *, #94, .T. ) ;
#330 = AXIS2_PLACEMENT_3D ( 'NONE', #568, #193, #707 ) ;
#331 = FILL_AREA_STYLE ('',( #713 ) ) ;
#332 = DIRECTION ( 'NONE',  ( 1.000000000000000000, 0.000000000000000000, 0.000000000000000000 ) ) ;
#333 = CIRCLE ( 'NONE', #234, 0.1500000000000000500 ) ;
#334 = AXIS2_PLACEMENT_3D ( 'NONE', #545, #1373, #456 ) ;
#335 = FACE_OUTER_BOUND ( 'NONE', #455, .T. ) ;
#336 = DIRECTION ( 'NONE',  ( 0.000000000000000000, 0.000000000000000000, 1.000000000000000000 ) ) ;
#337 = ORIENTED_EDGE ( 'NONE', *, *, #824, .T. ) ;
#338 = DIRECTION ( 'NONE',  ( -3.460219699421825505E-16, -1.000000000000000000, 0.000000000000000000 ) ) ;
#339 = SURFACE_STYLE_FILL_AREA ( #563 ) ;
#340 = ADVANCED_FACE ( 'NONE', ( #1064 ), #164, .F. ) ;
#341 = EDGE_LOOP ( 'NONE', ( #1601, #1304, #553, #1432 ) ) ;
#342 = CARTESIAN_POINT ( 'NONE',  ( -0.1594999999999999196, 1.505000000000000115, -15.36500000000000021 ) ) ;
#343 = CARTESIAN_POINT ( 'NONE',  ( -1.121999999999998998, -2.164264743892414966, 2.665000000000000036 ) ) ;
#344 = PLANE ( 'NONE',  #1141 ) ;
#345 = CARTESIAN_POINT ( 'NONE',  ( 0.2855000000000001426, -0.2349999999999999589, -15.36500000000000021 ) ) ;
#346 = EDGE_LOOP ( 'NONE', ( #539, #325, #1428, #919 ) ) ;
#347 = DIRECTION ( 'NONE',  ( 1.000000000000000000, 0.000000000000000000, 0.000000000000000000 ) ) ;
#348 = UNCERTAINTY_MEASURE_WITH_UNIT (LENGTH_MEASURE( 1.000000000000000082E-05 ), #974, 'distance_accuracy_value', 'NONE');
#349 = ORIENTED_EDGE ( 'NONE', *, *, #1191, .F. ) ;
#350 = ADVANCED_FACE ( 'NONE', ( #1423 ), #1570, .T. ) ;
#351 = SURFACE_STYLE_USAGE ( .BOTH. , #468 ) ;
#352 = EDGE_CURVE ( 'NONE', #550, #971, #1415, .T. ) ;
#353 = DIRECTION ( 'NONE',  ( 0.000000000000000000, 0.000000000000000000, -1.000000000000000000 ) ) ;
#354 = CARTESIAN_POINT ( 'NONE',  ( -0.2095065263551446066, -2.394670554009230568, 2.665000000000000036 ) ) ;
#355 = ORIENTED_EDGE ( 'NONE', *, *, #421, .T. ) ;
#356 = STYLED_ITEM ( 'NONE', ( #665 ), #45 ) ;
#357 = DIRECTION ( 'NONE',  ( 1.000000000000000000, -2.883516416184853026E-16, 0.000000000000000000 ) ) ;
#358 = CIRCLE ( 'NONE', #724, 0.1500000000000001055 ) ;
#359 = MECHANICAL_DESIGN_GEOMETRIC_PRESENTATION_REPRESENTATION (  '', ( #828 ), #1567 ) ;
#360 = ORIENTED_EDGE ( 'NONE', *, *, #1169, .T. ) ;
#361 = STYLED_ITEM ( 'NONE', ( #76 ), #369 ) ;
#362 = VECTOR ( 'NONE', #154, 1000.000000000000000 ) ;
#363 = AXIS2_PLACEMENT_3D ( 'NONE', #1322, #323, #937 ) ;
#364 =( NAMED_UNIT ( * ) SI_UNIT ( $, .STERADIAN. ) SOLID_ANGLE_UNIT ( ) );
#365 = CARTESIAN_POINT ( 'NONE',  ( 0.000000000000000000, 0.000000000000000000, -2.665000000000000036 ) ) ;
#366 = EDGE_CURVE ( 'NONE', #1089, #436, #1019, .T. ) ;
#367 = EDGE_LOOP ( 'NONE', ( #128, #931, #1418, #1289 ) ) ;
#368 = CARTESIAN_POINT ( 'NONE',  ( 0.2855000000000005311, -1.035000000000000364, -2.665000000000000036 ) ) ;
#369 = MANIFOLD_SOLID_BREP ( 'Cut-Extrude1', #1139 ) ;
#370 = FACE_OUTER_BOUND ( 'NONE', #654, .T. ) ;
#371 = MANIFOLD_SOLID_BREP ( 'LPattern1[2]', #636 ) ;
#372 = DIRECTION ( 'NONE',  ( -0.000000000000000000, 1.000000000000000000, 0.000000000000000000 ) ) ;
#373 = CARTESIAN_POINT ( 'NONE',  ( -1.271999999999999353, -1.797492970571744004E-16, -2.514999999999999680 ) ) ;
#374 = EDGE_CURVE ( 'NONE', #965, #550, #880, .T. ) ;
#375 = ORIENTED_EDGE ( 'NONE', *, *, #232, .F. ) ;
#376 = DIRECTION ( 'NONE',  ( 0.000000000000000000, 0.000000000000000000, -1.000000000000000000 ) ) ;
#377 = SURFACE_SIDE_STYLE ('',( #396 ) ) ;
#378 = VERTEX_POINT ( 'NONE', #1495 ) ;
#379 = SURFACE_STYLE_USAGE ( .BOTH. , #249 ) ;
#380 = DIRECTION ( 'NONE',  ( -1.413123404537535277E-16, 1.000000000000000000, -0.000000000000000000 ) ) ;
#381 = DIRECTION ( 'NONE',  ( -0.08715574274765530705, -0.9961946980917457672, 0.000000000000000000 ) ) ;
#382 = ORIENTED_EDGE ( 'NONE', *, *, #1596, .T. ) ;
#383 = CARTESIAN_POINT ( 'NONE',  ( -0.006629097209469335568, 2.412420029144759503, -2.514999999999999680 ) ) ;
#384 = CYLINDRICAL_SURFACE ( 'NONE', #391, 0.1499999999999999667 ) ;
#385 = EDGE_CURVE ( 'NONE', #1172, #1061, #39, .T. ) ;
#386 = UNCERTAINTY_MEASURE_WITH_UNIT (LENGTH_MEASURE( 1.000000000000000082E-05 ), #1560, 'distance_accuracy_value', 'NONE');
#387 = CIRCLE ( 'NONE', #1095, 0.1499999999999999667 ) ;
#388 = EDGE_LOOP ( 'NONE', ( #99, #337, #1214, #559 ) ) ;
#389 = DIRECTION ( 'NONE',  ( -0.000000000000000000, -0.000000000000000000, 1.000000000000000000 ) ) ;
#390 = AXIS2_PLACEMENT_3D ( 'NONE', #134, #506, #529 ) ;
#391 = AXIS2_PLACEMENT_3D ( 'NONE', #343, #18, #332 ) ;
#392 = CARTESIAN_POINT ( 'NONE',  ( -0.1594999999999996698, -1.505000000000000115, -15.36500000000000021 ) ) ;
#393 = COLOUR_RGB ( '',0.8039215686274510109, 0.8039215686274510109, 0.8039215686274510109 ) ;
#394 = COLOUR_RGB ( '',0.8039215686274510109, 0.8039215686274510109, 0.8039215686274510109 ) ;
#395 = CIRCLE ( 'NONE', #959, 0.1500000000000001055 ) ;
#396 = SURFACE_STYLE_FILL_AREA ( #1199 ) ;
#397 = EDGE_LOOP ( 'NONE', ( #922, #544, #910 ) ) ;
#398 = DIRECTION ( 'NONE',  ( 0.9961946980917457672, -0.08715574274765530705, 0.000000000000000000 ) ) ;
#399 = ADVANCED_FACE ( 'NONE', ( #92 ), #214, .F. ) ;
#400 = ORIENTED_EDGE ( 'NONE', *, *, #616, .T. ) ;
#401 = FILL_AREA_STYLE ('',( #1132 ) ) ;
#402 = DIRECTION ( 'NONE',  ( 0.9961946980917437688, 0.08715574274767834417, 0.000000000000000000 ) ) ;
#403 = CARTESIAN_POINT ( 'NONE',  ( 0.2854999999999999760, 1.035000000000000142, -15.36500000000000021 ) ) ;
#404 = ADVANCED_FACE ( 'NONE', ( #137 ), #504, .F. ) ;
#405 = PLANE ( 'NONE',  #98 ) ;
#406 = DIRECTION ( 'NONE',  ( -0.9961946980917457672, 0.08715574274765530705, 0.000000000000000000 ) ) ;
#407 = DIRECTION ( 'NONE',  ( -0.000000000000000000, 0.000000000000000000, 1.000000000000000000 ) ) ;
#408 = CARTESIAN_POINT ( 'NONE',  ( -0.1594999999999999196, 1.505000000000000115, -15.36500000000000021 ) ) ;
#409 = CIRCLE ( 'NONE', #390, 0.1500000000000000777 ) ;
#410 = DIRECTION ( 'NONE',  ( -1.000000000000000000, 0.000000000000000000, 0.000000000000000000 ) ) ;
#411 = AXIS2_PLACEMENT_3D ( 'NONE', #209, #318, #347 ) ;
#412 = ADVANCED_FACE ( 'NONE', ( #1448 ), #384, .T. ) ;
#413 = DIRECTION ( 'NONE',  ( 0.08715574274765462703, -0.9961946980917457672, 0.000000000000000000 ) ) ;
#414 = MECHANICAL_DESIGN_GEOMETRIC_PRESENTATION_REPRESENTATION (  '', ( #508 ), #666 ) ;
#415 = PRESENTATION_LAYER_ASSIGNMENT (  '', '', ( #1442 ) ) ;
#416 = DIRECTION ( 'NONE',  ( 1.000000000000000000, 0.000000000000000000, 0.000000000000000000 ) ) ;
#417 = VECTOR ( 'NONE', #652, 1000.000000000000114 ) ;
#418 = DIRECTION ( 'NONE',  ( 2.883516416184853026E-16, 1.000000000000000000, 0.000000000000000000 ) ) ;
#419 = DIRECTION ( 'NONE',  ( 0.000000000000000000, 1.000000000000000000, -0.000000000000000000 ) ) ;
#420 = SURFACE_STYLE_USAGE ( .BOTH. , #911 ) ;
#421 = EDGE_CURVE ( 'NONE', #1458, #819, #1372, .T. ) ;
#422 = DIRECTION ( 'NONE',  ( -3.460219699421825505E-16, -1.000000000000000000, 0.000000000000000000 ) ) ;
#423 = EDGE_LOOP ( 'NONE', ( #648, #618, #561, #833 ) ) ;
#424 = EDGE_LOOP ( 'NONE', ( #1188, #1325, #310, #226 ) ) ;
#425 = PRESENTATION_STYLE_ASSIGNMENT (( #420 ) ) ;
#426 = CARTESIAN_POINT ( 'NONE',  ( 0.006871413840490137384, -2.412990216240388008, 2.665000000000000036 ) ) ;
#427 = EDGE_LOOP ( 'NONE', ( #1049, #1020, #1052 ) ) ;
#428 = DIRECTION ( 'NONE',  ( -1.000000000000000000, 3.460219699421825012E-16, 0.000000000000000000 ) ) ;
#429 = CARTESIAN_POINT ( 'NONE',  ( 2.263000000000000345, 0.000000000000000000, 2.665000000000000036 ) ) ;
#430 = FACE_OUTER_BOUND ( 'NONE', #498, .T. ) ;
#431 = COLOUR_RGB ( '',0.8039215686274510109, 0.8039215686274510109, 0.8039215686274510109 ) ;
#432 = ORIENTED_EDGE ( 'NONE', *, *, #854, .T. ) ;
#433 = CARTESIAN_POINT ( 'NONE',  ( -1.271999999999999575, 2.164264743892413634, 2.514999999999999680 ) ) ;
#434 = VERTEX_POINT ( 'NONE', #1246 ) ;
#435 = VECTOR ( 'NONE', #856, 1000.000000000000000 ) ;
#436 = VERTEX_POINT ( 'NONE', #872 ) ;
#437 = EDGE_CURVE ( 'NONE', #603, #1287, #977, .T. ) ;
#438 = PLANE ( 'NONE',  #701 ) ;
#439 =( GEOMETRIC_REPRESENTATION_CONTEXT ( 3 ) GLOBAL_UNCERTAINTY_ASSIGNED_CONTEXT ( ( #623 ) ) GLOBAL_UNIT_ASSIGNED_CONTEXT ( ( #764, #271, #171 ) ) REPRESENTATION_CONTEXT ( 'NONE', 'WORKASPACE' ) );
#440 = CARTESIAN_POINT ( 'NONE',  ( 0.2855000000000003646, -1.505000000000000115, -2.665000000000000036 ) ) ;
#441 = DIRECTION ( 'NONE',  ( -0.9961946980917457672, -0.08715574274765530705, 0.000000000000000000 ) ) ;
#442 = DIRECTION ( 'NONE',  ( -0.9961946980917458783, -0.08715574274765530705, 0.000000000000000000 ) ) ;
#443 = ORIENTED_EDGE ( 'NONE', *, *, #1348, .F. ) ;
#444 = DIRECTION ( 'NONE',  ( -1.000000000000000000, -0.000000000000000000, -0.000000000000000000 ) ) ;
#445 = VERTEX_POINT ( 'NONE', #1002 ) ;
#446 = PRODUCT_CONTEXT ( 'NONE', #1264, 'mechanical' ) ;
#447 = UNCERTAINTY_MEASURE_WITH_UNIT (LENGTH_MEASURE( 1.000000000000000082E-05 ), #1571, 'distance_accuracy_value', 'NONE');
#448 = VERTEX_POINT ( 'NONE', #1121 ) ;
#449 = SURFACE_STYLE_FILL_AREA ( #1321 ) ;
#450 = CARTESIAN_POINT ( 'NONE',  ( -1.121999999999998776, -2.164264743892414966, -2.514999999999999680 ) ) ;
#451 = EDGE_CURVE ( 'NONE', #244, #466, #1074, .T. ) ;
#452 =( NAMED_UNIT ( * ) SI_UNIT ( $, .STERADIAN. ) SOLID_ANGLE_UNIT ( ) );
#453 = ORIENTED_EDGE ( 'NONE', *, *, #753, .T. ) ;
#454 = CARTESIAN_POINT ( 'NONE',  ( 2.263000000000000345, 0.000000000000000000, -2.665000000000000036 ) ) ;
#455 = EDGE_LOOP ( 'NONE', ( #484, #211, #1067, #113 ) ) ;
#456 = DIRECTION ( 'NONE',  ( -0.002847664252178043389, -0.9999959453959333944, 0.000000000000000000 ) ) ;
#457 = ORIENTED_EDGE ( 'NONE', *, *, #176, .T. ) ;
#458 = DIRECTION ( 'NONE',  ( 0.000000000000000000, 0.000000000000000000, 1.000000000000000000 ) ) ;
#459 = AXIS2_PLACEMENT_3D ( 'NONE', #139, #1499, #1250 ) ;
#460 = ADVANCED_FACE ( 'NONE', ( #246 ), #721, .T. ) ;
#461 = ORIENTED_EDGE ( 'NONE', *, *, #1319, .F. ) ;
#462 = CARTESIAN_POINT ( 'NONE',  ( -1.121999999999998998, -2.164264743892414966, -2.514999999999999680 ) ) ;
#463 = AXIS2_PLACEMENT_3D ( 'NONE', #967, #1478, #1438 ) ;
#464 =( NAMED_UNIT ( * ) SI_UNIT ( $, .STERADIAN. ) SOLID_ANGLE_UNIT ( ) );
#465 = VECTOR ( 'NONE', #867, 1000.000000000000000 ) ;
#466 = VERTEX_POINT ( 'NONE', #1110 ) ;
#467 = AXIS2_PLACEMENT_3D ( 'NONE', #523, #644, #1015 ) ;
#468 = SURFACE_SIDE_STYLE ('',( #63 ) ) ;
#469 = AXIS2_PLACEMENT_3D ( 'NONE', #494, #259, #1344 ) ;
#470 = VECTOR ( 'NONE', #897, 1000.000000000000000 ) ;
#471 = CARTESIAN_POINT ( 'NONE',  ( -1.135073361412147985, 2.313693948606175610, -2.514999999999999680 ) ) ;
#472 = ORIENTED_EDGE ( 'NONE', *, *, #437, .F. ) ;
#473 = CARTESIAN_POINT ( 'NONE',  ( -1.121999999999999220, -1.585524459891113590E-16, -2.665000000000000036 ) ) ;
#474 = EDGE_CURVE ( 'NONE', #1383, #1435, #7, .T. ) ;
#475 = ORIENTED_EDGE ( 'NONE', *, *, #133, .T. ) ;
#476 = DIRECTION ( 'NONE',  ( 0.000000000000000000, -0.000000000000000000, -1.000000000000000000 ) ) ;
#477 = DIRECTION ( 'NONE',  ( 0.000000000000000000, 0.000000000000000000, 1.000000000000000000 ) ) ;
#478 = PLANE ( 'NONE',  #231 ) ;
#479 = ORIENTED_EDGE ( 'NONE', *, *, #585, .T. ) ;
#480 = ORIENTED_EDGE ( 'NONE', *, *, #15, .F. ) ;
#481 = CARTESIAN_POINT ( 'NONE',  ( -0.1594999999999995310, -1.035000000000000142, -2.665000000000000036 ) ) ;
#482 = ADVANCED_FACE ( 'NONE', ( #1485 ), #1275, .T. ) ;
#483 = CYLINDRICAL_SURFACE ( 'NONE', #256, 0.2413000000000002920 ) ;
#484 = ORIENTED_EDGE ( 'NONE', *, *, #1506, .F. ) ;
#485 = CARTESIAN_POINT ( 'NONE',  ( -1.261999999999999122, 1.681664743892413716, -2.273699999999999832 ) ) ;
#486 = PRESENTATION_LAYER_ASSIGNMENT (  '', '', ( #1360 ) ) ;
#487 = VECTOR ( 'NONE', #326, 1000.000000000000114 ) ;
#488 = AXIS2_PLACEMENT_3D ( 'NONE', #1185, #1058, #316 ) ;
#489 = EDGE_CURVE ( 'NONE', #466, #875, #200, .T. ) ;
#490 = CARTESIAN_POINT ( 'NONE',  ( -1.271999999999999797, 2.301714419995027683, 2.514999999999999680 ) ) ;
#491 = CARTESIAN_POINT ( 'NONE',  ( 2.263000000000000345, 0.000000000000000000, -2.514999999999999680 ) ) ;
#492 = CIRCLE ( 'NONE', #510, 0.1499999999999999667 ) ;
#493 = ORIENTED_EDGE ( 'NONE', *, *, #552, .T. ) ;
#494 = CARTESIAN_POINT ( 'NONE',  ( -1.261999999999999122, 1.681664743892413716, -2.032399999999999540 ) ) ;
#495 = EDGE_LOOP ( 'NONE', ( #591, #443, #216, #986 ) ) ;
#496 = LINE ( 'NONE', #490, #1044 ) ;
#497 = PLANE ( 'NONE',  #755 ) ;
#498 = EDGE_LOOP ( 'NONE', ( #1331, #817, #1361, #643 ) ) ;
#499 = CARTESIAN_POINT ( 'NONE',  ( -0.1594999999999999196, 1.505000000000000115, -15.36500000000000021 ) ) ;
#500 = CARTESIAN_POINT ( 'NONE',  ( 0.2855000000000003646, -1.505000000000000115, -15.36500000000000021 ) ) ;
#501 = SURFACE_STYLE_FILL_AREA ( #146 ) ;
#502 = EDGE_CURVE ( 'NONE', #1177, #875, #1205, .T. ) ;
#503 = EDGE_CURVE ( 'NONE', #1287, #378, #1128, .T. ) ;
#504 = PLANE ( 'NONE',  #661 ) ;
#505 = LINE ( 'NONE', #481, #1149 ) ;
#506 = DIRECTION ( 'NONE',  ( 0.9999959453959336164, 0.002847664252171629249, -2.553511638135313916E-14 ) ) ;
#507 = AXIS2_PLACEMENT_3D ( 'NONE', #1400, #543, #302 ) ;
#508 = STYLED_ITEM ( 'NONE', ( #1378 ), #886 ) ;
#509 = DIRECTION ( 'NONE',  ( 0.000000000000000000, 0.000000000000000000, 1.000000000000000000 ) ) ;
#510 = AXIS2_PLACEMENT_3D ( 'NONE', #602, #1091, #1588 ) ;
#511 = TOROIDAL_SURFACE ( 'NONE', #1444, 2.263000000000000345, 0.1499999999999999944 ) ;
#512 = FACE_OUTER_BOUND ( 'NONE', #1450, .T. ) ;
#513 = ORIENTED_EDGE ( 'NONE', *, *, #743, .F. ) ;
#514 = EDGE_CURVE ( 'NONE', #1036, #135, #657, .T. ) ;
#515 = SURFACE_STYLE_USAGE ( .BOTH. , #640 ) ;
#516 = SURFACE_STYLE_USAGE ( .BOTH. , #159 ) ;
#517 = SURFACE_STYLE_FILL_AREA ( #401 ) ;
#518 = CYLINDRICAL_SURFACE ( 'NONE', #1493, 0.1499999999999999667 ) ;
#519 = LINE ( 'NONE', #1388, #1367 ) ;
#520 = ADVANCED_FACE ( 'NONE', ( #161 ), #1409, .T. ) ;
#521 = CARTESIAN_POINT ( 'NONE',  ( -0.1594999999999999196, 1.505000000000000115, -15.36500000000000021 ) ) ;
#522 = CYLINDRICAL_SURFACE ( 'NONE', #1593, 0.2413000000000002920 ) ;
#523 = CARTESIAN_POINT ( 'NONE',  ( -0.1964331649429963411, -2.245241349295468591, 2.514999999999999680 ) ) ;
#524 = DIRECTION ( 'NONE',  ( 1.000000000000000000, 0.000000000000000000, 0.000000000000000000 ) ) ;
#525 = ADVANCED_FACE ( 'NONE', ( #512 ), #1512, .T. ) ;
#526 = LINE ( 'NONE', #155, #281 ) ;
#527 = EDGE_LOOP ( 'NONE', ( #329, #189, #1529, #864 ) ) ;
#528 = MECHANICAL_DESIGN_GEOMETRIC_PRESENTATION_REPRESENTATION (  '', ( #638 ), #66 ) ;
#529 = DIRECTION ( 'NONE',  ( 0.002847664252171628815, -0.9999959453959333944, 0.000000000000000000 ) ) ;
#530 = EDGE_CURVE ( 'NONE', #466, #699, #291, .T. ) ;
#531 =( GEOMETRIC_REPRESENTATION_CONTEXT ( 3 ) GLOBAL_UNCERTAINTY_ASSIGNED_CONTEXT ( ( #386 ) ) GLOBAL_UNIT_ASSIGNED_CONTEXT ( ( #1560, #1429, #1310 ) ) REPRESENTATION_CONTEXT ( 'NONE', 'WORKASPACE' ) );
#532 = VECTOR ( 'NONE', #89, 1000.000000000000000 ) ;
#533 = MECHANICAL_DESIGN_GEOMETRIC_PRESENTATION_REPRESENTATION (  '', ( #982 ), #1280 ) ;
#534 = AXIS2_PLACEMENT_3D ( 'NONE', #491, #985, #746 ) ;
#535 = DIRECTION ( 'NONE',  ( 0.000000000000000000, 0.000000000000000000, 1.000000000000000000 ) ) ;
#536 = VERTEX_POINT ( 'NONE', #180 ) ;
#537 = AXIS2_PLACEMENT_3D ( 'NONE', #1318, #304, #810 ) ;
#538 = LINE ( 'NONE', #907, #417 ) ;
#539 = ORIENTED_EDGE ( 'NONE', *, *, #1033, .F. ) ;
#540 = PLANE ( 'NONE',  #1434 ) ;
#541 = CARTESIAN_POINT ( 'NONE',  ( -0.1594999999999996698, -1.505000000000000115, -2.665000000000000036 ) ) ;
#542 = EDGE_CURVE ( 'NONE', #1210, #1287, #70, .T. ) ;
#543 = DIRECTION ( 'NONE',  ( 0.9961946980917458783, -0.08715574274765530705, 0.000000000000000000 ) ) ;
#544 = ORIENTED_EDGE ( 'NONE', *, *, #374, .T. ) ;
#545 = CARTESIAN_POINT ( 'NONE',  ( 0.006444264202678921284, 2.262990824430997527, -2.514999999999999680 ) ) ;
#546 = ORIENTED_EDGE ( 'NONE', *, *, #437, .T. ) ;
#547 =( NAMED_UNIT ( * ) PLANE_ANGLE_UNIT ( ) SI_UNIT ( $, .RADIAN. ) );
#548 = LINE ( 'NONE', #186, #324 ) ;
#549 = CARTESIAN_POINT ( 'NONE',  ( 0.006444264202678921284, 2.262990824430997971, 2.665000000000000036 ) ) ;
#550 = VERTEX_POINT ( 'NONE', #279 ) ;
#551 = DIRECTION ( 'NONE',  ( 1.000000000000000000, 0.000000000000000000, 0.000000000000000000 ) ) ;
#552 = EDGE_CURVE ( 'NONE', #1558, #1435, #1261, .T. ) ;
#553 = ORIENTED_EDGE ( 'NONE', *, *, #1584, .F. ) ;
#554 = DIRECTION ( 'NONE',  ( -1.000000000000000000, 3.460219699421825012E-16, 0.000000000000000000 ) ) ;
#555 = AXIS2_PLACEMENT_3D ( 'NONE', #1137, #998, #1508 ) ;
#556 = CIRCLE ( 'NONE', #1072, 0.1499999999999999667 ) ;
#557 = DIRECTION ( 'NONE',  ( 0.000000000000000000, -0.000000000000000000, -1.000000000000000000 ) ) ;
#558 = FILL_AREA_STYLE ('',( #1417 ) ) ;
#559 = ORIENTED_EDGE ( 'NONE', *, *, #1004, .F. ) ;
#560 = DIRECTION ( 'NONE',  ( 0.000000000000000000, 1.000000000000000000, 0.000000000000000000 ) ) ;
#561 = ORIENTED_EDGE ( 'NONE', *, *, #1004, .T. ) ;
#562 = VECTOR ( 'NONE', #1445, 1000.000000000000000 ) ;
#563 = FILL_AREA_STYLE ('',( #572 ) ) ;
#564 = PRESENTATION_LAYER_ASSIGNMENT (  '', '', ( #130 ) ) ;
#565 = VERTEX_POINT ( 'NONE', #646 ) ;
#566 =( GEOMETRIC_REPRESENTATION_CONTEXT ( 3 ) GLOBAL_UNCERTAINTY_ASSIGNED_CONTEXT ( ( #1248 ) ) GLOBAL_UNIT_ASSIGNED_CONTEXT ( ( #688, #210, #1410 ) ) REPRESENTATION_CONTEXT ( 'NONE', 'WORKASPACE' ) );
#567 = CARTESIAN_POINT ( 'NONE',  ( -1.261999999999999122, 1.681664743892413716, -2.032399999999999540 ) ) ;
#568 = CARTESIAN_POINT ( 'NONE',  ( -1.261999999999999122, 1.681664743892413716, -2.032399999999999540 ) ) ;
#569 = ORIENTED_EDGE ( 'NONE', *, *, #4, .T. ) ;
#570 = DIRECTION ( 'NONE',  ( 1.000000000000000000, 0.000000000000000000, 0.000000000000000000 ) ) ;
#571 = VERTEX_POINT ( 'NONE', #1159 ) ;
#572 = FILL_AREA_STYLE_COLOUR ( '', #702 ) ;
#573 = ORIENTED_EDGE ( 'NONE', *, *, #1270, .T. ) ;
#574 = CARTESIAN_POINT ( 'NONE',  ( 0.000000000000000000, 0.000000000000000000, -2.514999999999999680 ) ) ;
#575 = EDGE_CURVE ( 'NONE', #1585, #1083, #1500, .T. ) ;
#576 = ADVANCED_FACE ( 'NONE', ( #889 ), #518, .T. ) ;
#577 = DIRECTION ( 'NONE',  ( 1.000000000000000000, 0.000000000000000000, 0.000000000000000000 ) ) ;
#578 = CARTESIAN_POINT ( 'NONE',  ( -0.1594999999999995310, -1.035000000000000142, -2.665000000000000036 ) ) ;
#579 = VERTEX_POINT ( 'NONE', #40 ) ;
#580 = CARTESIAN_POINT ( 'NONE',  ( -1.135073361412147319, -2.313693948606176942, 2.514999999999999680 ) ) ;
#581 = APPLICATION_CONTEXT ( 'automotive_design' ) ;
#582 = EDGE_LOOP ( 'NONE', ( #88, #573, #400, #946, #83 ) ) ;
#583 = DIRECTION ( 'NONE',  ( 2.883516416184853026E-16, 1.000000000000000000, 0.000000000000000000 ) ) ;
#584 = FACE_OUTER_BOUND ( 'NONE', #527, .T. ) ;
#585 = EDGE_CURVE ( 'NONE', #95, #536, #614, .T. ) ;
#586 = CARTESIAN_POINT ( 'NONE',  ( -1.121999999999998776, -2.164264743892414966, -2.665000000000000036 ) ) ;
#587 = EDGE_LOOP ( 'NONE', ( #827, #569, #218 ) ) ;
#588 = FACE_OUTER_BOUND ( 'NONE', #809, .T. ) ;
#589 = AXIS2_PLACEMENT_3D ( 'NONE', #750, #1232, #620 ) ;
#590 = VECTOR ( 'NONE', #1528, 1000.000000000000000 ) ;
#591 = ORIENTED_EDGE ( 'NONE', *, *, #1454, .T. ) ;
#592 = AXIS2_PLACEMENT_3D ( 'NONE', #1165, #968, #863 ) ;
#593 = DIRECTION ( 'NONE',  ( 1.000000000000000000, 0.000000000000000000, 0.000000000000000000 ) ) ;
#594 = DIRECTION ( 'NONE',  ( -1.000000000000000000, 0.000000000000000000, 0.000000000000000000 ) ) ;
#595 = CIRCLE ( 'NONE', #1343, 0.1499999999999999944 ) ;
#596 = SURFACE_STYLE_USAGE ( .BOTH. , #1201 ) ;
#597 = CARTESIAN_POINT ( 'NONE',  ( 0.006444264202668009006, -2.262990824430997527, -2.665000000000000036 ) ) ;
#598 = ORIENTED_EDGE ( 'NONE', *, *, #285, .F. ) ;
#599 =( NAMED_UNIT ( * ) PLANE_ANGLE_UNIT ( ) SI_UNIT ( $, .RADIAN. ) );
#600 = EDGE_LOOP ( 'NONE', ( #736, #294, #1505, #1355 ) ) ;
#601 = FACE_OUTER_BOUND ( 'NONE', #107, .T. ) ;
#602 = CARTESIAN_POINT ( 'NONE',  ( 2.263000000000000345, 0.000000000000000000, 2.514999999999999680 ) ) ;
#603 = VERTEX_POINT ( 'NONE', #1027 ) ;
#604 = DIRECTION ( 'NONE',  ( 0.000000000000000000, 1.000000000000000000, 0.000000000000000000 ) ) ;
#605 = ADVANCED_FACE ( 'NONE', ( #1133 ), #1393, .T. ) ;
#606 = SURFACE_STYLE_FILL_AREA ( #996 ) ;
#607 = DIRECTION ( 'NONE',  ( -0.000000000000000000, 0.000000000000000000, 1.000000000000000000 ) ) ;
#608 = CARTESIAN_POINT ( 'NONE',  ( 0.000000000000000000, 0.000000000000000000, -15.36500000000000021 ) ) ;
#609 = ORIENTED_EDGE ( 'NONE', *, *, #176, .F. ) ;
#610 = CARTESIAN_POINT ( 'NONE',  ( -1.121999999999999442, 2.164264743892413634, 2.665000000000000036 ) ) ;
#611 = STYLED_ITEM ( 'NONE', ( #238 ), #156 ) ;
#612 = AXIS2_PLACEMENT_3D ( 'NONE', #521, #1519, #418 ) ;
#613 = SURFACE_SIDE_STYLE ('',( #606 ) ) ;
#614 = CIRCLE ( 'NONE', #664, 2.263000000000000345 ) ;
#615 = CIRCLE ( 'NONE', #1515, 0.1499999999999999944 ) ;
#616 = EDGE_CURVE ( 'NONE', #708, #1135, #170, .T. ) ;
#617 = DIRECTION ( 'NONE',  ( -1.000000000000000000, 0.000000000000000000, 0.000000000000000000 ) ) ;
#618 = ORIENTED_EDGE ( 'NONE', *, *, #221, .T. ) ;
#619 = DIRECTION ( 'NONE',  ( -0.000000000000000000, -0.000000000000000000, 1.000000000000000000 ) ) ;
#620 = DIRECTION ( 'NONE',  ( -1.000000000000000000, 0.000000000000000000, 0.000000000000000000 ) ) ;
#621 = UNCERTAINTY_MEASURE_WITH_UNIT (LENGTH_MEASURE( 1.000000000000000082E-05 ), #715, 'distance_accuracy_value', 'NONE');
#622 = DIRECTION ( 'NONE',  ( 0.9961946980917457672, 0.08715574274765530705, -0.000000000000000000 ) ) ;
#623 = UNCERTAINTY_MEASURE_WITH_UNIT (LENGTH_MEASURE( 1.000000000000000082E-05 ), #764, 'distance_accuracy_value', 'NONE');
#624 = DIRECTION ( 'NONE',  ( 0.000000000000000000, -0.000000000000000000, 1.000000000000000000 ) ) ;
#625 = PRODUCT_DEFINITION ( 'UNKNOWN', '', #1286, #1395 ) ;
#626 = EDGE_CURVE ( 'NONE', #1349, #1585, #1152, .T. ) ;
#627 = ORIENTED_EDGE ( 'NONE', *, *, #352, .T. ) ;
#628 = DIRECTION ( 'NONE',  ( 1.000000000000000000, 0.000000000000000000, 0.000000000000000000 ) ) ;
#629 =( NAMED_UNIT ( * ) SI_UNIT ( $, .STERADIAN. ) SOLID_ANGLE_UNIT ( ) );
#630 = ORIENTED_EDGE ( 'NONE', *, *, #1114, .T. ) ;
#631 = EDGE_CURVE ( 'NONE', #1349, #448, #850, .T. ) ;
#632 = DIRECTION ( 'NONE',  ( -0.000000000000000000, -0.000000000000000000, 1.000000000000000000 ) ) ;
#633 = EDGE_CURVE ( 'NONE', #875, #1063, #217, .T. ) ;
#634 =( NAMED_UNIT ( * ) PLANE_ANGLE_UNIT ( ) SI_UNIT ( $, .RADIAN. ) );
#635 = ORIENTED_EDGE ( 'NONE', *, *, #1506, .T. ) ;
#636 = CLOSED_SHELL ( 'NONE', ( #293, #1077, #1236, #399, #156, #45 ) ) ;
#637 = CARTESIAN_POINT ( 'NONE',  ( 0.2855000000000003091, 0.2349999999999997369, -2.665000000000000036 ) ) ;
#638 = STYLED_ITEM ( 'NONE', ( #1416 ), #84 ) ;
#639 = MECHANICAL_DESIGN_GEOMETRIC_PRESENTATION_REPRESENTATION (  '', ( #955 ), #1227 ) ;
#640 = SURFACE_SIDE_STYLE ('',( #501 ) ) ;
#641 = EDGE_CURVE ( 'NONE', #965, #685, #1419, .T. ) ;
#642 = CIRCLE ( 'NONE', #1542, 0.2413000000000002920 ) ;
#643 = ORIENTED_EDGE ( 'NONE', *, *, #474, .T. ) ;
#644 = DIRECTION ( 'NONE',  ( -0.9961946980917458783, 0.08715574274765530705, -0.000000000000000000 ) ) ;
#645 = COLOUR_RGB ( '',0.8039215686274510109, 0.8039215686274510109, 0.8039215686274510109 ) ;
#646 = CARTESIAN_POINT ( 'NONE',  ( -0.1594999999999996698, -1.505000000000000115, -2.665000000000000036 ) ) ;
#647 = DIRECTION ( 'NONE',  ( 0.000000000000000000, 1.000000000000000000, 0.000000000000000000 ) ) ;
#648 = ORIENTED_EDGE ( 'NONE', *, *, #824, .F. ) ;
#649 = LINE ( 'NONE', #1263, #1277 ) ;
#650 = DIRECTION ( 'NONE',  ( 0.000000000000000000, 0.000000000000000000, -1.000000000000000000 ) ) ;
#651 = DIRECTION ( 'NONE',  ( 1.000000000000000000, 0.000000000000000000, 0.000000000000000000 ) ) ;
#652 = DIRECTION ( 'NONE',  ( -0.9961946980917457672, 0.08715574274765530705, -0.000000000000000000 ) ) ;
#653 = EDGE_CURVE ( 'NONE', #663, #1041, #1060, .T. ) ;
#654 = EDGE_LOOP ( 'NONE', ( #230, #1278, #360, #1295 ) ) ;
#655 = FACE_OUTER_BOUND ( 'NONE', #659, .T. ) ;
#656 =( NAMED_UNIT ( * ) SI_UNIT ( $, .STERADIAN. ) SOLID_ANGLE_UNIT ( ) );
#657 = LINE ( 'NONE', #1522, #1387 ) ;
#658 = CARTESIAN_POINT ( 'NONE',  ( 0.006444264202669596278, -2.262990824430997527, 2.514999999999999680 ) ) ;
#659 = EDGE_LOOP ( 'NONE', ( #493, #60, #73, #1039 ) ) ;
#660 = CARTESIAN_POINT ( 'NONE',  ( -0.2095065263551445789, 2.394670554009229679, 2.665000000000000036 ) ) ;
#661 = AXIS2_PLACEMENT_3D ( 'NONE', #258, #714, #961 ) ;
#662 = EDGE_CURVE ( 'NONE', #1458, #550, #124, .T. ) ;
#663 = VERTEX_POINT ( 'NONE', #1451 ) ;
#664 = AXIS2_PLACEMENT_3D ( 'NONE', #1503, #407, #651 ) ;
#665 = PRESENTATION_STYLE_ASSIGNMENT (( #516 ) ) ;
#666 =( GEOMETRIC_REPRESENTATION_CONTEXT ( 3 ) GLOBAL_UNCERTAINTY_ASSIGNED_CONTEXT ( ( #1368 ) ) GLOBAL_UNIT_ASSIGNED_CONTEXT ( ( #1407, #794, #1510 ) ) REPRESENTATION_CONTEXT ( 'NONE', 'WORKASPACE' ) );
#667 = VECTOR ( 'NONE', #389, 1000.000000000000000 ) ;
#668 = DIRECTION ( 'NONE',  ( 0.000000000000000000, -0.000000000000000000, -1.000000000000000000 ) ) ;
#669 = ORIENTED_EDGE ( 'NONE', *, *, #115, .T. ) ;
#670 =( GEOMETRIC_REPRESENTATION_CONTEXT ( 3 ) GLOBAL_UNCERTAINTY_ASSIGNED_CONTEXT ( ( #1161 ) ) GLOBAL_UNIT_ASSIGNED_CONTEXT ( ( #1298, #842, #464 ) ) REPRESENTATION_CONTEXT ( 'NONE', 'WORKASPACE' ) );
#671 = CARTESIAN_POINT ( 'NONE',  ( -0.1594999999999995310, -1.035000000000000142, -2.665000000000000036 ) ) ;
#672 = ORIENTED_EDGE ( 'NONE', *, *, #892, .T. ) ;
#673 = FACE_OUTER_BOUND ( 'NONE', #1160, .T. ) ;
#674 = EDGE_CURVE ( 'NONE', #806, #319, #1577, .T. ) ;
#675 = CYLINDRICAL_SURFACE ( 'NONE', #77, 0.1500000000000001055 ) ;
#676 = ORIENTED_EDGE ( 'NONE', *, *, #530, .F. ) ;
#677 = CARTESIAN_POINT ( 'NONE',  ( -0.1594999999999999196, 1.505000000000000115, -2.665000000000000036 ) ) ;
#678 = EDGE_LOOP ( 'NONE', ( #913, #1531, #1354, #969 ) ) ;
#679 = ORIENTED_EDGE ( 'NONE', *, *, #626, .F. ) ;
#680 = CARTESIAN_POINT ( 'NONE',  ( 0.006871413840490137384, -2.412990216240388008, 2.514999999999999680 ) ) ;
#681 =( LENGTH_UNIT ( ) NAMED_UNIT ( * ) SI_UNIT ( .MILLI., .METRE. ) );
#682 = DIRECTION ( 'NONE',  ( 0.9961946980917457672, -0.08715574274765523766, 2.404741960716894057E-14 ) ) ;
#683 = FACE_OUTER_BOUND ( 'NONE', #427, .T. ) ;
#684 = EDGE_CURVE ( 'NONE', #306, #95, #1598, .T. ) ;
#685 = VERTEX_POINT ( 'NONE', #1332 ) ;
#686 = LINE ( 'NONE', #196, #1311 ) ;
#687 = EDGE_CURVE ( 'NONE', #1309, #1349, #686, .T. ) ;
#688 =( LENGTH_UNIT ( ) NAMED_UNIT ( * ) SI_UNIT ( .MILLI., .METRE. ) );
#689 = ORIENTED_EDGE ( 'NONE', *, *, #1315, .F. ) ;
#690 = SURFACE_SIDE_STYLE ('',( #449 ) ) ;
#691 = COLOUR_RGB ( '',0.8039215686274510109, 0.8039215686274510109, 0.8039215686274510109 ) ;
#692 = DIRECTION ( 'NONE',  ( 0.9961946980917457672, -0.08715574274765530705, -0.000000000000000000 ) ) ;
#693 = COLOUR_RGB ( '',0.8039215686274510109, 0.8039215686274510109, 0.8039215686274510109 ) ;
#694 = DIRECTION ( 'NONE',  ( -1.000000000000000000, -0.000000000000000000, -0.000000000000000000 ) ) ;
#695 = DIRECTION ( 'NONE',  ( -0.000000000000000000, -0.000000000000000000, 1.000000000000000000 ) ) ;
#696 = VECTOR ( 'NONE', #808, 1000.000000000000000 ) ;
#697 = ORIENTED_EDGE ( 'NONE', *, *, #1088, .F. ) ;
#698 = LINE ( 'NONE', #930, #1413 ) ;
#699 = VERTEX_POINT ( 'NONE', #947 ) ;
#700 = AXIS2_PLACEMENT_3D ( 'NONE', #1260, #290, #413 ) ;
#701 = AXIS2_PLACEMENT_3D ( 'NONE', #1055, #554, #1540 ) ;
#702 = COLOUR_RGB ( '',0.7921568627450980005, 0.8196078431372548767, 0.9333333333333333481 ) ;
#703 = ORIENTED_EDGE ( 'NONE', *, *, #451, .T. ) ;
#704 = DIRECTION ( 'NONE',  ( 1.000000000000000000, -4.872818752743839266E-16, 0.000000000000000000 ) ) ;
#705 = SURFACE_SIDE_STYLE ('',( #1291 ) ) ;
#706 = CARTESIAN_POINT ( 'NONE',  ( -0.1594999999999999196, 1.505000000000000115, -15.36500000000000021 ) ) ;
#707 = DIRECTION ( 'NONE',  ( 0.000000000000000000, 0.000000000000000000, 1.000000000000000000 ) ) ;
#708 = VERTEX_POINT ( 'NONE', #454 ) ;
#709 = DIRECTION ( 'NONE',  ( 2.883516416184852533E-16, 1.000000000000000000, -0.000000000000000000 ) ) ;
#710 = SHAPE_DEFINITION_REPRESENTATION ( #851, #24 ) ;
#711 = VERTEX_POINT ( 'NONE', #580 ) ;
#712 = EDGE_CURVE ( 'NONE', #1426, #445, #816, .T. ) ;
#713 = FILL_AREA_STYLE_COLOUR ( '', #983 ) ;
#714 = DIRECTION ( 'NONE',  ( -1.000000000000000000, 0.000000000000000000, 0.000000000000000000 ) ) ;
#715 =( LENGTH_UNIT ( ) NAMED_UNIT ( * ) SI_UNIT ( .MILLI., .METRE. ) );
#716 = LINE ( 'NONE', #215, #102 ) ;
#717 = ORIENTED_EDGE ( 'NONE', *, *, #845, .F. ) ;
#718 = PLANE ( 'NONE',  #1230 ) ;
#719 = PRESENTATION_STYLE_ASSIGNMENT (( #1062 ) ) ;
#720 = ORIENTED_EDGE ( 'NONE', *, *, #633, .F. ) ;
#721 = CYLINDRICAL_SURFACE ( 'NONE', #589, 2.413000000000000256 ) ;
#722 = DIRECTION ( 'NONE',  ( -0.000000000000000000, 1.000000000000000000, -0.000000000000000000 ) ) ;
#723 = DIRECTION ( 'NONE',  ( 0.9961946980917457672, -0.08715574274765530705, 0.000000000000000000 ) ) ;
#724 = AXIS2_PLACEMENT_3D ( 'NONE', #79, #682, #1057 ) ;
#725 = EDGE_LOOP ( 'NONE', ( #858, #475, #461 ) ) ;
#726 = SPHERICAL_SURFACE ( 'NONE', #74, 0.1499999999999999944 ) ;
#727 = COLOUR_RGB ( '',0.2862745098039215508, 0.2862745098039215508, 0.2862745098039215508 ) ;
#728 = AXIS2_PLACEMENT_3D ( 'NONE', #284, #668, #524 ) ;
#729 = ORIENTED_EDGE ( 'NONE', *, *, #542, .T. ) ;
#730 = PRESENTATION_LAYER_ASSIGNMENT (  '', '', ( #305 ) ) ;
#731 = CARTESIAN_POINT ( 'NONE',  ( 1.524659305057740610E-17, 2.412999999999999368, 2.514999999999999680 ) ) ;
#732 = MECHANICAL_DESIGN_GEOMETRIC_PRESENTATION_REPRESENTATION (  '', ( #1050 ), #439 ) ;
#733 = CARTESIAN_POINT ( 'NONE',  ( -1.121999999999999442, 2.164264743892413634, 2.665000000000000036 ) ) ;
#734 = DIRECTION ( 'NONE',  ( -1.000000000000000000, 0.000000000000000000, 0.000000000000000000 ) ) ;
#735 = ADVANCED_FACE ( 'NONE', ( #826 ), #726, .T. ) ;
#736 = ORIENTED_EDGE ( 'NONE', *, *, #50, .T. ) ;
#737 = LINE ( 'NONE', #1341, #17 ) ;
#738 = LINE ( 'NONE', #500, #1283 ) ;
#739 = ORIENTED_EDGE ( 'NONE', *, *, #421, .F. ) ;
#740 = CARTESIAN_POINT ( 'NONE',  ( 0.006444264202682452314, 2.262990824430997527, -2.665000000000000036 ) ) ;
#741 = VERTEX_POINT ( 'NONE', #433 ) ;
#742 = CARTESIAN_POINT ( 'NONE',  ( -1.271999999999999575, 2.164264743892413634, 2.665000000000000036 ) ) ;
#743 = EDGE_CURVE ( 'NONE', #135, #1461, #698, .T. ) ;
#744 = LINE ( 'NONE', #1211, #667 ) ;
#745 = FILL_AREA_STYLE_COLOUR ( '', #225 ) ;
#746 = DIRECTION ( 'NONE',  ( 0.000000000000000000, 0.000000000000000000, -1.000000000000000000 ) ) ;
#747 = ORIENTED_EDGE ( 'NONE', *, *, #34, .F. ) ;
#748 = AXIS2_PLACEMENT_3D ( 'NONE', #888, #1009, #1398 ) ;
#749 = AXIS2_PLACEMENT_3D ( 'NONE', #1425, #314, #822 ) ;
#750 = CARTESIAN_POINT ( 'NONE',  ( 0.000000000000000000, 0.000000000000000000, 2.665000000000000036 ) ) ;
#751 = CARTESIAN_POINT ( 'NONE',  ( -0.1594999999999997253, 0.2349999999999999589, -15.36500000000000021 ) ) ;
#752 = AXIS2_PLACEMENT_3D ( 'NONE', #1040, #1547, #570 ) ;
#753 = EDGE_CURVE ( 'NONE', #1061, #1172, #899, .T. ) ;
#754 =( GEOMETRIC_REPRESENTATION_CONTEXT ( 3 ) GLOBAL_UNCERTAINTY_ASSIGNED_CONTEXT ( ( #1497 ) ) GLOBAL_UNIT_ASSIGNED_CONTEXT ( ( #1151, #141, #770 ) ) REPRESENTATION_CONTEXT ( 'NONE', 'WORKASPACE' ) );
#755 = AXIS2_PLACEMENT_3D ( 'NONE', #219, #1300, #942 ) ;
#756 = VECTOR ( 'NONE', #933, 1000.000000000000000 ) ;
#757 = ORIENTED_EDGE ( 'NONE', *, *, #743, .T. ) ;
#758 = FILL_AREA_STYLE ('',( #6 ) ) ;
#759 = UNCERTAINTY_MEASURE_WITH_UNIT (LENGTH_MEASURE( 1.000000000000000082E-05 ), #1294, 'distance_accuracy_value', 'NONE');
#760 = ADVANCED_FACE ( 'NONE', ( #588 ), #841, .T. ) ;
#761 =( NAMED_UNIT ( * ) SI_UNIT ( $, .STERADIAN. ) SOLID_ANGLE_UNIT ( ) );
#762 = LINE ( 'NONE', #541, #1023 ) ;
#763 = FILL_AREA_STYLE_COLOUR ( '', #1203 ) ;
#764 =( LENGTH_UNIT ( ) NAMED_UNIT ( * ) SI_UNIT ( .MILLI., .METRE. ) );
#765 = ADVANCED_FACE ( 'NONE', ( #188 ), #1178, .T. ) ;
#766 = LINE ( 'NONE', #1007, #1308 ) ;
#767 = DIRECTION ( 'NONE',  ( 0.000000000000000000, 1.000000000000000000, 0.000000000000000000 ) ) ;
#768 = EDGE_CURVE ( 'NONE', #1271, #741, #42, .T. ) ;
#769 = EDGE_CURVE ( 'NONE', #378, #244, #1123, .T. ) ;
#770 =( NAMED_UNIT ( * ) SI_UNIT ( $, .STERADIAN. ) SOLID_ANGLE_UNIT ( ) );
#771 = CARTESIAN_POINT ( 'NONE',  ( -0.1964331649429962579, 2.245241349295467703, 2.514999999999999680 ) ) ;
#772 = CARTESIAN_POINT ( 'NONE',  ( -0.1594999999999999196, 1.505000000000000115, -2.665000000000000036 ) ) ;
#773 =( GEOMETRIC_REPRESENTATION_CONTEXT ( 3 ) GLOBAL_UNCERTAINTY_ASSIGNED_CONTEXT ( ( #447 ) ) GLOBAL_UNIT_ASSIGNED_CONTEXT ( ( #1571, #634, #12 ) ) REPRESENTATION_CONTEXT ( 'NONE', 'WORKASPACE' ) );
#774 = UNCERTAINTY_MEASURE_WITH_UNIT (LENGTH_MEASURE( 1.000000000000000082E-05 ), #1436, 'distance_accuracy_value', 'NONE');
#775 =( NAMED_UNIT ( * ) SI_UNIT ( $, .STERADIAN. ) SOLID_ANGLE_UNIT ( ) );
#776 = VECTOR ( 'NONE', #338, 1000.000000000000000 ) ;
#777 = AXIS2_PLACEMENT_3D ( 'NONE', #275, #1399, #779 ) ;
#778 = PLANE ( 'NONE',  #555 ) ;
#779 = DIRECTION ( 'NONE',  ( 1.000000000000000000, -4.872818752743840253E-16, 0.000000000000000000 ) ) ;
#780 = COLOUR_RGB ( '',0.8039215686274510109, 0.8039215686274510109, 0.8039215686274510109 ) ;
#781 = ADVANCED_FACE ( 'NONE', ( #1433 ), #718, .F. ) ;
#782 = PRESENTATION_LAYER_ASSIGNMENT (  '', '', ( #1518 ) ) ;
#783 = DIRECTION ( 'NONE',  ( -0.08715574274767835805, 0.9961946980917437688, 0.000000000000000000 ) ) ;
#784 = PRESENTATION_STYLE_ASSIGNMENT (( #890 ) ) ;
#785 = DIRECTION ( 'NONE',  ( -0.000000000000000000, -0.000000000000000000, 1.000000000000000000 ) ) ;
#786 = DIRECTION ( 'NONE',  ( 0.000000000000000000, 0.000000000000000000, 1.000000000000000000 ) ) ;
#787 = DIRECTION ( 'NONE',  ( 0.9961946980917457672, 0.08715574274765607032, -0.000000000000000000 ) ) ;
#788 = DIRECTION ( 'NONE',  ( 0.000000000000000000, 1.000000000000000000, 0.000000000000000000 ) ) ;
#789 = VERTEX_POINT ( 'NONE', #859 ) ;
#790 = CARTESIAN_POINT ( 'NONE',  ( -1.271999999999999131, -2.164264743892414966, -2.514999999999999680 ) ) ;
#791 = ADVANCED_FACE ( 'NONE', ( #11 ), #1471, .T. ) ;
#792 = DIRECTION ( 'NONE',  ( 1.000000000000000000, 0.000000000000000000, 0.000000000000000000 ) ) ;
#793 = DIRECTION ( 'NONE',  ( -1.000000000000000000, -0.000000000000000000, -0.000000000000000000 ) ) ;
#794 =( NAMED_UNIT ( * ) PLANE_ANGLE_UNIT ( ) SI_UNIT ( $, .RADIAN. ) );
#795 = CARTESIAN_POINT ( 'NONE',  ( 0.006444264202669581533, -2.262990824430997527, -2.514999999999999680 ) ) ;
#796 = ORIENTED_EDGE ( 'NONE', *, *, #133, .F. ) ;
#797 = CARTESIAN_POINT ( 'NONE',  ( -1.271999999999999575, 2.164264743892413634, -2.514999999999999680 ) ) ;
#798 = ORIENTED_EDGE ( 'NONE', *, *, #260, .F. ) ;
#799 = ADVANCED_FACE ( 'NONE', ( #1229 ), #1362, .T. ) ;
#800 = VECTOR ( 'NONE', #1065, 1000.000000000000000 ) ;
#801 = FACE_OUTER_BOUND ( 'NONE', #1546, .T. ) ;
#802 = TOROIDAL_SURFACE ( 'NONE', #1511, 2.263000000000000345, 0.1499999999999999944 ) ;
#803 = VECTOR ( 'NONE', #1079, 1000.000000000000000 ) ;
#804 = CARTESIAN_POINT ( 'NONE',  ( -1.261999999999999122, 1.681664743892413716, -2.032399999999999540 ) ) ;
#805 = AXIS2_PLACEMENT_3D ( 'NONE', #549, #299, #1285 ) ;
#806 = VERTEX_POINT ( 'NONE', #368 ) ;
#807 = PRESENTATION_LAYER_ASSIGNMENT (  '', '', ( #1389 ) ) ;
#808 = DIRECTION ( 'NONE',  ( -0.000000000000000000, -0.000000000000000000, -1.000000000000000000 ) ) ;
#809 = EDGE_LOOP ( 'NONE', ( #1217, #878, #235, #948 ) ) ;
#810 = DIRECTION ( 'NONE',  ( 1.000000000000000000, 0.000000000000000000, 0.000000000000000000 ) ) ;
#811 = ORIENTED_EDGE ( 'NONE', *, *, #1366, .T. ) ;
#812 = DIRECTION ( 'NONE',  ( 0.000000000000000000, 0.000000000000000000, 1.000000000000000000 ) ) ;
#813 = EDGE_CURVE ( 'NONE', #312, #818, #1109, .T. ) ;
#814 = PRESENTATION_STYLE_ASSIGNMENT (( #1563 ) ) ;
#815 = ORIENTED_EDGE ( 'NONE', *, *, #10, .F. ) ;
#816 = LINE ( 'NONE', #1317, #1339 ) ;
#817 = ORIENTED_EDGE ( 'NONE', *, *, #1446, .F. ) ;
#818 = VERTEX_POINT ( 'NONE', #970 ) ;
#819 = VERTEX_POINT ( 'NONE', #245 ) ;
#820 = LINE ( 'NONE', #342, #1604 ) ;
#821 = DIRECTION ( 'NONE',  ( 0.08715574274765530705, -0.9961946980917457672, 0.000000000000000000 ) ) ;
#822 = DIRECTION ( 'NONE',  ( 1.000000000000000000, 0.000000000000000000, 0.000000000000000000 ) ) ;
#823 = DIRECTION ( 'NONE',  ( 1.000000000000000000, 0.000000000000000000, 0.000000000000000000 ) ) ;
#824 = EDGE_CURVE ( 'NONE', #436, #1061, #136, .T. ) ;
#825 = ORIENTED_EDGE ( 'NONE', *, *, #50, .F. ) ;
#826 = FACE_OUTER_BOUND ( 'NONE', #397, .T. ) ;
#827 = ORIENTED_EDGE ( 'NONE', *, *, #768, .T. ) ;
#828 = STYLED_ITEM ( 'NONE', ( #111 ), #198 ) ;
#829 = FILL_AREA_STYLE_COLOUR ( '', #1120 ) ;
#830 = AXIS2_PLACEMENT_3D ( 'NONE', #660, #821, #86 ) ;
#831 = FACE_OUTER_BOUND ( 'NONE', #67, .T. ) ;
#832 = AXIS2_PLACEMENT_3D ( 'NONE', #1254, #788, #416 ) ;
#833 = ORIENTED_EDGE ( 'NONE', *, *, #753, .F. ) ;
#834 = CARTESIAN_POINT ( 'NONE',  ( -0.1594999999999997253, 0.2349999999999999589, -15.36500000000000021 ) ) ;
#835 = ADVANCED_FACE ( 'NONE', ( #255 ), #241, .T. ) ;
#836 = SURFACE_SIDE_STYLE ('',( #339 ) ) ;
#837 = MECHANICAL_DESIGN_GEOMETRIC_PRESENTATION_REPRESENTATION (  '', ( #1442 ), #862 ) ;
#838 = EDGE_LOOP ( 'NONE', ( #1189, #80, #16, #720 ) ) ;
#839 =( NAMED_UNIT ( * ) PLANE_ANGLE_UNIT ( ) SI_UNIT ( $, .RADIAN. ) );
#840 = ORIENTED_EDGE ( 'NONE', *, *, #1042, .T. ) ;
#841 = CYLINDRICAL_SURFACE ( 'NONE', #980, 0.1499999999999999667 ) ;
#842 =( NAMED_UNIT ( * ) PLANE_ANGLE_UNIT ( ) SI_UNIT ( $, .RADIAN. ) );
#843 = EDGE_LOOP ( 'NONE', ( #472, #1306, #978, #956 ) ) ;
#844 =( NAMED_UNIT ( * ) SI_UNIT ( $, .STERADIAN. ) SOLID_ANGLE_UNIT ( ) );
#845 = EDGE_CURVE ( 'NONE', #1426, #1390, #1583, .T. ) ;
#846 = EDGE_CURVE ( 'NONE', #1461, #663, #114, .T. ) ;
#847 = DIRECTION ( 'NONE',  ( 1.000000000000000000, 0.000000000000000000, 0.000000000000000000 ) ) ;
#848 = CARTESIAN_POINT ( 'NONE',  ( -0.1594999999999998641, -0.2349999999999999589, -2.665000000000000036 ) ) ;
#849 = ORIENTED_EDGE ( 'NONE', *, *, #958, .T. ) ;
#850 = LINE ( 'NONE', #834, #803 ) ;
#851 = PRODUCT_DEFINITION_SHAPE ( 'NONE', 'NONE',  #625 ) ;
#852 = ORIENTED_EDGE ( 'NONE', *, *, #1374, .T. ) ;
#853 = CARTESIAN_POINT ( 'NONE',  ( 0.2855000000000001426, -0.2349999999999999589, -15.36500000000000021 ) ) ;
#854 = EDGE_CURVE ( 'NONE', #741, #1578, #1492, .T. ) ;
#855 = PLANE ( 'NONE',  #1489 ) ;
#856 = DIRECTION ( 'NONE',  ( -3.460219699421825505E-16, -1.000000000000000000, 0.000000000000000000 ) ) ;
#857 = TOROIDAL_SURFACE ( 'NONE', #749, 2.263000000000000345, 0.1499999999999999944 ) ;
#858 = ORIENTED_EDGE ( 'NONE', *, *, #150, .F. ) ;
#859 = CARTESIAN_POINT ( 'NONE',  ( 0.2855000000000001426, 1.504999999999999893, -2.665000000000000036 ) ) ;
#860 = STYLED_ITEM ( 'NONE', ( #1101 ), #879 ) ;
#861 = ORIENTED_EDGE ( 'NONE', *, *, #366, .F. ) ;
#862 =( GEOMETRIC_REPRESENTATION_CONTEXT ( 3 ) GLOBAL_UNCERTAINTY_ASSIGNED_CONTEXT ( ( #774 ) ) GLOBAL_UNIT_ASSIGNED_CONTEXT ( ( #1436, #1290, #1198 ) ) REPRESENTATION_CONTEXT ( 'NONE', 'WORKASPACE' ) );
#863 = DIRECTION ( 'NONE',  ( 1.000000000000000000, -4.872818752743840253E-16, 0.000000000000000000 ) ) ;
#864 = ORIENTED_EDGE ( 'NONE', *, *, #845, .T. ) ;
#865 = EDGE_LOOP ( 'NONE', ( #1447, #1297, #223, #1320 ) ) ;
#866 = EDGE_CURVE ( 'NONE', #1036, #806, #737, .T. ) ;
#867 = DIRECTION ( 'NONE',  ( -1.000000000000000000, 0.000000000000000000, 0.000000000000000000 ) ) ;
#868 = DIRECTION ( 'NONE',  ( -0.000000000000000000, 0.000000000000000000, 1.000000000000000000 ) ) ;
#869 = PLANE ( 'NONE',  #78 ) ;
#870 = ORIENTED_EDGE ( 'NONE', *, *, #530, .T. ) ;
#871 = SURFACE_STYLE_FILL_AREA ( #758 ) ;
#872 = CARTESIAN_POINT ( 'NONE',  ( -1.261999999999999122, 1.681664743892413716, -2.273699999999999832 ) ) ;
#873 = DIRECTION ( 'NONE',  ( 1.000000000000000000, -4.872818752743840253E-16, 0.000000000000000000 ) ) ;
#874 = CARTESIAN_POINT ( 'NONE',  ( -1.121999999999998776, -2.164264743892414966, 2.514999999999999680 ) ) ;
#875 = VERTEX_POINT ( 'NONE', #383 ) ;
#876 = PLANE ( 'NONE',  #1573 ) ;
#877 = AXIS2_PLACEMENT_3D ( 'NONE', #1136, #410, #1488 ) ;
#878 = ORIENTED_EDGE ( 'NONE', *, *, #1114, .F. ) ;
#879 = ADVANCED_FACE ( 'NONE', ( #1590 ), #876, .F. ) ;
#880 = CIRCLE ( 'NONE', #1143, 0.1500000000000001332 ) ;
#881 = VECTOR ( 'NONE', #1350, 1000.000000000000000 ) ;
#882 = VECTOR ( 'NONE', #622, 1000.000000000000114 ) ;
#883 = CARTESIAN_POINT ( 'NONE',  ( -1.121999999999999442, 2.164264743892413634, -2.514999999999999680 ) ) ;
#884 = LINE ( 'NONE', #274, #1507 ) ;
#885 = CARTESIAN_POINT ( 'NONE',  ( -1.271999999999999353, 1.681664743892413716, -2.032399999999999540 ) ) ;
#886 = MANIFOLD_SOLID_BREP ( 'Boss-Extrude4', #1382 ) ;
#887 = DIRECTION ( 'NONE',  ( 2.883516416184852533E-16, 1.000000000000000000, -0.000000000000000000 ) ) ;
#888 = CARTESIAN_POINT ( 'NONE',  ( 0.006444264202682428028, 2.262990824430997527, 2.514999999999999680 ) ) ;
#889 = FACE_OUTER_BOUND ( 'NONE', #1465, .T. ) ;
#890 = SURFACE_STYLE_USAGE ( .BOTH. , #613 ) ;
#891 = CARTESIAN_POINT ( 'NONE',  ( 0.2855000000000003091, 0.2349999999999997369, -15.36500000000000021 ) ) ;
#892 = EDGE_CURVE ( 'NONE', #319, #565, #762, .T. ) ;
#893 = CARTESIAN_POINT ( 'NONE',  ( 0.2855000000000001426, 1.504999999999999893, -2.665000000000000036 ) ) ;
#894 = PLANE ( 'NONE',  #777 ) ;
#895 = DIRECTION ( 'NONE',  ( 1.000000000000000000, 0.000000000000000000, 0.000000000000000000 ) ) ;
#896 = PRESENTATION_LAYER_ASSIGNMENT (  '', '', ( #828 ) ) ;
#897 = DIRECTION ( 'NONE',  ( -0.000000000000000000, -0.000000000000000000, 1.000000000000000000 ) ) ;
#898 = VECTOR ( 'NONE', #692, 1000.000000000000114 ) ;
#899 = CIRCLE ( 'NONE', #1021, 0.2413000000000002920 ) ;
#900 = PRESENTATION_STYLE_ASSIGNMENT (( #515 ) ) ;
#901 = CIRCLE ( 'NONE', #488, 0.1500000000000001055 ) ;
#902 = CIRCLE ( 'NONE', #205, 2.263000000000000345 ) ;
#903 =( LENGTH_UNIT ( ) NAMED_UNIT ( * ) SI_UNIT ( .MILLI., .METRE. ) );
#904 = CARTESIAN_POINT ( 'NONE',  ( -1.121999999999998776, -2.164264743892414966, 2.665000000000000036 ) ) ;
#905 = CARTESIAN_POINT ( 'NONE',  ( 0.006871413840505627597, 2.412990216240388008, 2.665000000000000036 ) ) ;
#906 = MANIFOLD_SOLID_BREP ( 'LPattern1[1]', #1460 ) ;
#907 = CARTESIAN_POINT ( 'NONE',  ( -1.258926638587850810, -2.152285215281267039, -2.665000000000000036 ) ) ;
#908 = ORIENTED_EDGE ( 'NONE', *, *, #1253, .F. ) ;
#909 = CARTESIAN_POINT ( 'NONE',  ( 0.006444264202668219775, -2.262990824430997527, 2.665000000000000036 ) ) ;
#910 = ORIENTED_EDGE ( 'NONE', *, *, #662, .F. ) ;
#911 = SURFACE_SIDE_STYLE ('',( #166 ) ) ;
#912 = DIRECTION ( 'NONE',  ( 0.9961946980917458783, 0.08715574274765530705, 0.000000000000000000 ) ) ;
#913 = ORIENTED_EDGE ( 'NONE', *, *, #674, .T. ) ;
#914 = ADVANCED_FACE ( 'NONE', ( #160 ), #1138, .T. ) ;
#915 = EDGE_CURVE ( 'NONE', #1461, #565, #1127, .T. ) ;
#916 = DIRECTION ( 'NONE',  ( 1.000000000000000000, 0.000000000000000000, 0.000000000000000000 ) ) ;
#917 = DIRECTION ( 'NONE',  ( 1.000000000000000000, 0.000000000000000000, 0.000000000000000000 ) ) ;
#918 = DIRECTION ( 'NONE',  ( 0.000000000000000000, 0.000000000000000000, 1.000000000000000000 ) ) ;
#919 = ORIENTED_EDGE ( 'NONE', *, *, #1496, .F. ) ;
#920 = DIRECTION ( 'NONE',  ( -1.000000000000000000, 0.000000000000000000, 0.000000000000000000 ) ) ;
#921 = EDGE_CURVE ( 'NONE', #1210, #711, #1385, .T. ) ;
#922 = ORIENTED_EDGE ( 'NONE', *, *, #59, .F. ) ;
#923 = CIRCLE ( 'NONE', #1200, 0.1499999999999999667 ) ;
#924 = CARTESIAN_POINT ( 'NONE',  ( -1.261999999999999122, 1.681664743892413716, -2.273699999999999832 ) ) ;
#925 = VECTOR ( 'NONE', #1579, 1000.000000000000000 ) ;
#926 = PRESENTATION_LAYER_ASSIGNMENT (  '', '', ( #860 ) ) ;
#927 = LINE ( 'NONE', #207, #202 ) ;
#928 = ORIENTED_EDGE ( 'NONE', *, *, #1334, .T. ) ;
#929 = AXIS2_PLACEMENT_3D ( 'NONE', #751, #1090, #873 ) ;
#930 = CARTESIAN_POINT ( 'NONE',  ( -0.1594999999999996698, -1.505000000000000115, -15.36500000000000021 ) ) ;
#931 = ORIENTED_EDGE ( 'NONE', *, *, #19, .F. ) ;
#932 = VECTOR ( 'NONE', #1029, 1000.000000000000000 ) ;
#933 = DIRECTION ( 'NONE',  ( 1.000000000000000000, -4.872818752743839266E-16, 0.000000000000000000 ) ) ;
#934 = ORIENTED_EDGE ( 'NONE', *, *, #106, .F. ) ;
#935 = PLANE ( 'NONE',  #830 ) ;
#936 = FACE_OUTER_BOUND ( 'NONE', #367, .T. ) ;
#937 = DIRECTION ( 'NONE',  ( 1.000000000000000000, 0.000000000000000000, 0.000000000000000000 ) ) ;
#938 = ORIENTED_EDGE ( 'NONE', *, *, #687, .F. ) ;
#939 = DIRECTION ( 'NONE',  ( 0.000000000000000000, -0.000000000000000000, 1.000000000000000000 ) ) ;
#940 = APPLICATION_PROTOCOL_DEFINITION ( 'draft international standard', 'automotive_design', 1998, #581 ) ;
#941 = EDGE_LOOP ( 'NONE', ( #796, #195, #32, #1576 ) ) ;
#942 = DIRECTION ( 'NONE',  ( -1.413123404537535277E-16, 1.000000000000000000, 0.000000000000000000 ) ) ;
#943 = FILL_AREA_STYLE ('',( #1056 ) ) ;
#944 = PLANE ( 'NONE',  #1171 ) ;
#945 = ADVANCED_FACE ( 'NONE', ( #1521 ), #894, .F. ) ;
#946 = ORIENTED_EDGE ( 'NONE', *, *, #1424, .T. ) ;
#947 = CARTESIAN_POINT ( 'NONE',  ( 0.006871413840505628465, 2.412990216240388008, 2.514999999999999680 ) ) ;
#948 = ORIENTED_EDGE ( 'NONE', *, *, #641, .F. ) ;
#949 = UNCERTAINTY_MEASURE_WITH_UNIT (LENGTH_MEASURE( 1.000000000000000082E-05 ), #1106, 'distance_accuracy_value', 'NONE');
#950 = ORIENTED_EDGE ( 'NONE', *, *, #232, .T. ) ;
#951 = PLANE ( 'NONE',  #1516 ) ;
#952 = CIRCLE ( 'NONE', #459, 0.2413000000000002920 ) ;
#953 = COLOUR_RGB ( '',0.8039215686274510109, 0.8039215686274510109, 0.8039215686274510109 ) ;
#954 = DIRECTION ( 'NONE',  ( 1.000000000000000000, 1.776356839400250465E-15, 0.000000000000000000 ) ) ;
#955 = STYLED_ITEM ( 'NONE', ( #900 ), #293 ) ;
#956 = ORIENTED_EDGE ( 'NONE', *, *, #260, .T. ) ;
#957 = COLOUR_RGB ( '',0.8039215686274510109, 0.8039215686274510109, 0.8039215686274510109 ) ;
#958 = EDGE_CURVE ( 'NONE', #1063, #685, #1312, .T. ) ;
#959 = AXIS2_PLACEMENT_3D ( 'NONE', #1358, #1094, #1586 ) ;
#960 = ORIENTED_EDGE ( 'NONE', *, *, #1392, .T. ) ;
#961 = DIRECTION ( 'NONE',  ( 0.000000000000000000, 0.000000000000000000, 1.000000000000000000 ) ) ;
#962 = VERTEX_POINT ( 'NONE', #904 ) ;
#963 = CARTESIAN_POINT ( 'NONE',  ( 0.2855000000000005311, -1.035000000000000364, -2.665000000000000036 ) ) ;
#964 = EDGE_CURVE ( 'NONE', #1271, #182, #276, .T. ) ;
#965 = VERTEX_POINT ( 'NONE', #586 ) ;
#966 = CARTESIAN_POINT ( 'NONE',  ( -0.1594999999999995310, -1.035000000000000142, -15.36500000000000021 ) ) ;
#967 = CARTESIAN_POINT ( 'NONE',  ( -0.1595000000000000584, 1.035000000000000142, -15.36500000000000021 ) ) ;
#968 = DIRECTION ( 'NONE',  ( -4.872818752743840253E-16, -1.000000000000000000, 0.000000000000000000 ) ) ;
#969 = ORIENTED_EDGE ( 'NONE', *, *, #866, .T. ) ;
#970 = CARTESIAN_POINT ( 'NONE',  ( -1.271999999999999353, 1.681664743892413716, -2.273699999999999832 ) ) ;
#971 = VERTEX_POINT ( 'NONE', #1075 ) ;
#972 = CARTESIAN_POINT ( 'NONE',  ( -0.1594999999999998641, -0.2349999999999999589, -15.36500000000000021 ) ) ;
#973 = EDGE_CURVE ( 'NONE', #1063, #1271, #1545, .T. ) ;
#974 =( LENGTH_UNIT ( ) NAMED_UNIT ( * ) SI_UNIT ( .MILLI., .METRE. ) );
#975 = DIRECTION ( 'NONE',  ( 0.000000000000000000, 0.000000000000000000, 1.000000000000000000 ) ) ;
#976 = PRESENTATION_LAYER_ASSIGNMENT (  '', '', ( #611 ) ) ;
#977 = CIRCLE ( 'NONE', #167, 2.413000000000000256 ) ;
#978 = ORIENTED_EDGE ( 'NONE', *, *, #684, .F. ) ;
#979 = CARTESIAN_POINT ( 'NONE',  ( -0.1594999999999995310, -1.035000000000000142, -15.36500000000000021 ) ) ;
#980 = AXIS2_PLACEMENT_3D ( 'NONE', #1296, #224, #61 ) ;
#981 = UNCERTAINTY_MEASURE_WITH_UNIT (LENGTH_MEASURE( 1.000000000000000082E-05 ), #997, 'distance_accuracy_value', 'NONE');
#982 = STYLED_ITEM ( 'NONE', ( #814 ), #1077 ) ;
#983 = COLOUR_RGB ( '',0.8039215686274510109, 0.8039215686274510109, 0.8039215686274510109 ) ;
#984 = VECTOR ( 'NONE', #162, 1000.000000000000000 ) ;
#985 = DIRECTION ( 'NONE',  ( 0.000000000000000000, -1.000000000000000000, 0.000000000000000000 ) ) ;
#986 = ORIENTED_EDGE ( 'NONE', *, *, #1345, .T. ) ;
#987 = CARTESIAN_POINT ( 'NONE',  ( -1.261999999999999122, 1.681664743892413716, -2.273699999999999832 ) ) ;
#988 = EDGE_LOOP ( 'NONE', ( #861, #69 ) ) ;
#989 = DIRECTION ( 'NONE',  ( 0.9961946980917435468, -0.08715574274768059237, 0.000000000000000000 ) ) ;
#990 =( NAMED_UNIT ( * ) PLANE_ANGLE_UNIT ( ) SI_UNIT ( $, .RADIAN. ) );
#991 = CARTESIAN_POINT ( 'NONE',  ( -1.261999999999999122, 1.681664743892413716, -1.791099999999999470 ) ) ;
#992 = ADVANCED_FACE ( 'NONE', ( #1431 ), #675, .T. ) ;
#993 = ORIENTED_EDGE ( 'NONE', *, *, #1013, .T. ) ;
#994 =( NAMED_UNIT ( * ) SI_UNIT ( $, .STERADIAN. ) SOLID_ANGLE_UNIT ( ) );
#995 = DIRECTION ( 'NONE',  ( -0.000000000000000000, -0.000000000000000000, 1.000000000000000000 ) ) ;
#996 = FILL_AREA_STYLE ('',( #121 ) ) ;
#997 =( LENGTH_UNIT ( ) NAMED_UNIT ( * ) SI_UNIT ( .MILLI., .METRE. ) );
#998 = DIRECTION ( 'NONE',  ( -0.000000000000000000, 0.000000000000000000, 1.000000000000000000 ) ) ;
#999 = VECTOR ( 'NONE', #632, 1000.000000000000000 ) ;
#1000 = DIRECTION ( 'NONE',  ( -1.000000000000000000, -0.000000000000000000, -0.000000000000000000 ) ) ;
#1001 = MECHANICAL_DESIGN_GEOMETRIC_PRESENTATION_REPRESENTATION (  '', ( #1251 ), #1463 ) ;
#1002 = CARTESIAN_POINT ( 'NONE',  ( 0.2854999999999999760, 1.035000000000000142, -2.665000000000000036 ) ) ;
#1003 = ADVANCED_FACE ( 'NONE', ( #683 ), #58, .T. ) ;
#1004 = EDGE_CURVE ( 'NONE', #1089, #1172, #927, .T. ) ;
#1005 = LINE ( 'NONE', #853, #1575 ) ;
#1006 = PRESENTATION_LAYER_ASSIGNMENT (  '', '', ( #508 ) ) ;
#1007 = CARTESIAN_POINT ( 'NONE',  ( -0.006629097209469363323, 2.412420029144759503, 2.665000000000000036 ) ) ;
#1008 = CIRCLE ( 'NONE', #334, 0.1500000000000000777 ) ;
#1009 = DIRECTION ( 'NONE',  ( -0.9999959453959336164, 0.002847664252154665822, 0.000000000000000000 ) ) ;
#1010 = ADVANCED_FACE ( 'NONE', ( #831 ), #1314, .T. ) ;
#1011 = CARTESIAN_POINT ( 'NONE',  ( -1.121999999999999220, -1.585524459891113590E-16, 2.514999999999999680 ) ) ;
#1012 = CARTESIAN_POINT ( 'NONE',  ( -0.1594999999999998641, -0.2349999999999999589, -2.665000000000000036 ) ) ;
#1013 = EDGE_CURVE ( 'NONE', #82, #312, #1103, .T. ) ;
#1014 = ORIENTED_EDGE ( 'NONE', *, *, #921, .T. ) ;
#1015 = DIRECTION ( 'NONE',  ( -0.08715574274765516827, -0.9961946980917457672, 0.000000000000000000 ) ) ;
#1016 = DIRECTION ( 'NONE',  ( 0.000000000000000000, 1.000000000000000000, 0.000000000000000000 ) ) ;
#1017 = AXIS2_PLACEMENT_3D ( 'NONE', #1150, #557, #954 ) ;
#1018 = LINE ( 'NONE', #1012, #21 ) ;
#1019 = CIRCLE ( 'NONE', #1122, 0.2413000000000002920 ) ;
#1020 = ORIENTED_EDGE ( 'NONE', *, *, #1033, .T. ) ;
#1021 = AXIS2_PLACEMENT_3D ( 'NONE', #1068, #1555, #1565 ) ;
#1022 =( NAMED_UNIT ( * ) PLANE_ANGLE_UNIT ( ) SI_UNIT ( $, .RADIAN. ) );
#1023 = VECTOR ( 'NONE', #1032, 1000.000000000000000 ) ;
#1024 = FACE_OUTER_BOUND ( 'NONE', #1525, .T. ) ;
#1025 = EDGE_CURVE ( 'NONE', #312, #82, #1342, .T. ) ;
#1026 = AXIS2_PLACEMENT_3D ( 'NONE', #658, #647, #1130 ) ;
#1027 = CARTESIAN_POINT ( 'NONE',  ( 2.413000000000000256, 0.000000000000000000, 2.514999999999999680 ) ) ;
#1028 = ORIENTED_EDGE ( 'NONE', *, *, #34, .T. ) ;
#1029 = DIRECTION ( 'NONE',  ( -3.460219699421825505E-16, -1.000000000000000000, 0.000000000000000000 ) ) ;
#1030 = SURFACE_STYLE_FILL_AREA ( #943 ) ;
#1031 = FACE_OUTER_BOUND ( 'NONE', #174, .T. ) ;
#1032 = DIRECTION ( 'NONE',  ( -1.000000000000000000, -0.000000000000000000, -0.000000000000000000 ) ) ;
#1033 = EDGE_CURVE ( 'NONE', #711, #962, #901, .T. ) ;
#1034 = DIRECTION ( 'NONE',  ( 0.000000000000000000, 0.000000000000000000, 1.000000000000000000 ) ) ;
#1035 = CARTESIAN_POINT ( 'NONE',  ( -0.1594999999999996698, -1.505000000000000115, -15.36500000000000021 ) ) ;
#1036 = VERTEX_POINT ( 'NONE', #1303 ) ;
#1037 = DIRECTION ( 'NONE',  ( 0.000000000000000000, 0.000000000000000000, 1.000000000000000000 ) ) ;
#1038 = CARTESIAN_POINT ( 'NONE',  ( -0.1964331649429962856, 2.245241349295467703, -2.514999999999999680 ) ) ;
#1039 = ORIENTED_EDGE ( 'NONE', *, *, #1530, .T. ) ;
#1040 = CARTESIAN_POINT ( 'NONE',  ( 0.000000000000000000, 0.000000000000000000, -2.514999999999999680 ) ) ;
#1041 = VERTEX_POINT ( 'NONE', #578 ) ;
#1042 = EDGE_CURVE ( 'NONE', #699, #579, #615, .T. ) ;
#1043 = ORIENTED_EDGE ( 'NONE', *, *, #1282, .T. ) ;
#1044 = VECTOR ( 'NONE', #380, 1000.000000000000000 ) ;
#1045 =( NAMED_UNIT ( * ) SI_UNIT ( $, .STERADIAN. ) SOLID_ANGLE_UNIT ( ) );
#1046 = PRESENTATION_LAYER_ASSIGNMENT (  '', '', ( #1099 ) ) ;
#1047 = VECTOR ( 'NONE', #535, 1000.000000000000000 ) ;
#1048 = FILL_AREA_STYLE ('',( #1430 ) ) ;
#1049 = ORIENTED_EDGE ( 'NONE', *, *, #1253, .T. ) ;
#1050 = STYLED_ITEM ( 'NONE', ( #784 ), #1381 ) ;
#1051 = DIRECTION ( 'NONE',  ( 1.000000000000000000, 0.000000000000000000, 0.000000000000000000 ) ) ;
#1052 = ORIENTED_EDGE ( 'NONE', *, *, #185, .F. ) ;
#1053 = ORIENTED_EDGE ( 'NONE', *, *, #1376, .T. ) ;
#1054 = EDGE_CURVE ( 'NONE', #1083, #1309, #716, .T. ) ;
#1055 = CARTESIAN_POINT ( 'NONE',  ( 0.2855000000000001426, 1.504999999999999893, -15.36500000000000021 ) ) ;
#1056 = FILL_AREA_STYLE_COLOUR ( '', #1411 ) ;
#1057 = DIRECTION ( 'NONE',  ( 0.08715574274765516827, 0.9961946980917457672, 0.000000000000000000 ) ) ;
#1058 = DIRECTION ( 'NONE',  ( -0.9961946980917459893, 0.08715574274765462703, 1.440101941186150108E-15 ) ) ;
#1059 = EDGE_LOOP ( 'NONE', ( #1078, #181, #717, #1476 ) ) ;
#1060 = LINE ( 'NONE', #311, #1102 ) ;
#1061 = VERTEX_POINT ( 'NONE', #64 ) ;
#1062 = SURFACE_STYLE_USAGE ( .BOTH. , #836 ) ;
#1063 = VERTEX_POINT ( 'NONE', #471 ) ;
#1064 = FACE_OUTER_BOUND ( 'NONE', #678, .T. ) ;
#1065 = DIRECTION ( 'NONE',  ( 2.883516416184852533E-16, 1.000000000000000000, -0.000000000000000000 ) ) ;
#1066 = DIRECTION ( 'NONE',  ( -1.000000000000000000, -0.000000000000000000, -0.000000000000000000 ) ) ;
#1067 = ORIENTED_EDGE ( 'NONE', *, *, #1454, .F. ) ;
#1068 = CARTESIAN_POINT ( 'NONE',  ( -1.271999999999999353, 1.681664743892413716, -2.032399999999999540 ) ) ;
#1069 = EDGE_LOOP ( 'NONE', ( #747, #53 ) ) ;
#1070 = FACE_OUTER_BOUND ( 'NONE', #600, .T. ) ;
#1071 = PRESENTATION_LAYER_ASSIGNMENT (  '', '', ( #356 ) ) ;
#1072 = AXIS2_PLACEMENT_3D ( 'NONE', #883, #785, #29 ) ;
#1073 =( NAMED_UNIT ( * ) SI_UNIT ( $, .STERADIAN. ) SOLID_ANGLE_UNIT ( ) );
#1074 = CIRCLE ( 'NONE', #273, 2.413000000000000256 ) ;
#1075 = CARTESIAN_POINT ( 'NONE',  ( -0.006629097209483868214, -2.412420029144759059, -2.514999999999999680 ) ) ;
#1076 = VECTOR ( 'NONE', #1221, 1000.000000000000000 ) ;
#1077 = ADVANCED_FACE ( 'NONE', ( #430 ), #1194, .F. ) ;
#1078 = ORIENTED_EDGE ( 'NONE', *, *, #10, .T. ) ;
#1079 = DIRECTION ( 'NONE',  ( -0.000000000000000000, -0.000000000000000000, 1.000000000000000000 ) ) ;
#1080 = AXIS2_PLACEMENT_3D ( 'NONE', #804, #1534, #336 ) ;
#1081 = AXIS2_PLACEMENT_3D ( 'NONE', #75, #190, #593 ) ;
#1082 = VECTOR ( 'NONE', #887, 1000.000000000000000 ) ;
#1083 = VERTEX_POINT ( 'NONE', #345 ) ;
#1084 = FACE_OUTER_BOUND ( 'NONE', #1589, .T. ) ;
#1085 = CARTESIAN_POINT ( 'NONE',  ( -1.271999999999999131, -2.164264743892414966, 2.665000000000000036 ) ) ;
#1086 = LINE ( 'NONE', #1581, #435 ) ;
#1087 = EDGE_LOOP ( 'NONE', ( #950, #1401, #1197, #157 ) ) ;
#1088 = EDGE_CURVE ( 'NONE', #711, #550, #1449, .T. ) ;
#1089 = VERTEX_POINT ( 'NONE', #991 ) ;
#1090 = DIRECTION ( 'NONE',  ( -4.872818752743840253E-16, -1.000000000000000000, 0.000000000000000000 ) ) ;
#1091 = DIRECTION ( 'NONE',  ( 0.000000000000000000, -1.000000000000000000, 0.000000000000000000 ) ) ;
#1092 = ORIENTED_EDGE ( 'NONE', *, *, #674, .F. ) ;
#1093 = CARTESIAN_POINT ( 'NONE',  ( 0.006444264202679688899, 2.262990824430997527, 2.514999999999999680 ) ) ;
#1094 = DIRECTION ( 'NONE',  ( -0.9961946980917457672, -0.08715574274765523766, 2.303600566077063681E-14 ) ) ;
#1095 = AXIS2_PLACEMENT_3D ( 'NONE', #289, #419, #509 ) ;
#1096 =( NAMED_UNIT ( * ) PLANE_ANGLE_UNIT ( ) SI_UNIT ( $, .RADIAN. ) );
#1097 = CARTESIAN_POINT ( 'NONE',  ( -0.006629097209483868214, -2.412420029144759059, 2.514999999999999680 ) ) ;
#1098 = CIRCLE ( 'NONE', #877, 0.2413000000000002920 ) ;
#1099 = STYLED_ITEM ( 'NONE', ( #131 ), #399 ) ;
#1100 = ORIENTED_EDGE ( 'NONE', *, *, #1025, .T. ) ;
#1101 = PRESENTATION_STYLE_ASSIGNMENT (( #120 ) ) ;
#1102 = VECTOR ( 'NONE', #96, 1000.000000000000000 ) ;
#1103 = CIRCLE ( 'NONE', #330, 0.2413000000000002920 ) ;
#1104 = COLOUR_RGB ( '',0.8039215686274510109, 0.8039215686274510109, 0.8039215686274510109 ) ;
#1105 = ADVANCED_FACE ( 'NONE', ( #1225 ), #478, .F. ) ;
#1106 =( LENGTH_UNIT ( ) NAMED_UNIT ( * ) SI_UNIT ( .MILLI., .METRE. ) );
#1107 = LINE ( 'NONE', #104, #1208 ) ;
#1108 = ORIENTED_EDGE ( 'NONE', *, *, #892, .F. ) ;
#1109 = LINE ( 'NONE', #485, #252 ) ;
#1110 = CARTESIAN_POINT ( 'NONE',  ( 0.006871413840505628465, 2.412990216240388008, -2.514999999999999680 ) ) ;
#1111 =( NAMED_UNIT ( * ) PLANE_ANGLE_UNIT ( ) SI_UNIT ( $, .RADIAN. ) );
#1112 = DIRECTION ( 'NONE',  ( 1.413123404537535277E-16, -1.000000000000000000, 0.000000000000000000 ) ) ;
#1113 = VERTEX_POINT ( 'NONE', #848 ) ;
#1114 = EDGE_CURVE ( 'NONE', #1578, #1458, #1457, .T. ) ;
#1115 = PLANE ( 'NONE',  #929 ) ;
#1116 = CARTESIAN_POINT ( 'NONE',  ( -1.121999999999999442, 2.164264743892413634, -2.514999999999999680 ) ) ;
#1117 = ORIENTED_EDGE ( 'NONE', *, *, #308, .T. ) ;
#1118 = SURFACE_STYLE_USAGE ( .BOTH. , #269 ) ;
#1119 = EDGE_CURVE ( 'NONE', #82, #1299, #1107, .T. ) ;
#1120 = COLOUR_RGB ( '',0.8039215686274510109, 0.8039215686274510109, 0.8039215686274510109 ) ;
#1121 = CARTESIAN_POINT ( 'NONE',  ( -0.1594999999999997253, 0.2349999999999999589, -2.665000000000000036 ) ) ;
#1122 = AXIS2_PLACEMENT_3D ( 'NONE', #1272, #56, #812 ) ;
#1123 = CIRCLE ( 'NONE', #752, 2.413000000000000256 ) ;
#1124 = AXIS2_PLACEMENT_3D ( 'NONE', #354, #381, #723 ) ;
#1125 = CIRCLE ( 'NONE', #1081, 0.1499999999999999667 ) ;
#1126 = FILL_AREA_STYLE ('',( #1491 ) ) ;
#1127 = LINE ( 'NONE', #1502, #1600 ) ;
#1128 = LINE ( 'NONE', #426, #696 ) ;
#1129 = ADVANCED_FACE ( 'NONE', ( #1213 ), #1347, .T. ) ;
#1130 = DIRECTION ( 'NONE',  ( 1.000000000000000000, 0.000000000000000000, 0.000000000000000000 ) ) ;
#1131 = CARTESIAN_POINT ( 'NONE',  ( 0.006444264202679697573, 2.262990824430997527, -2.514999999999999680 ) ) ;
#1132 = FILL_AREA_STYLE_COLOUR ( '', #253 ) ;
#1133 = FACE_OUTER_BOUND ( 'NONE', #725, .T. ) ;
#1134 = CARTESIAN_POINT ( 'NONE',  ( -0.1964331649429962579, 2.245241349295467703, -2.665000000000000036 ) ) ;
#1135 = VERTEX_POINT ( 'NONE', #597 ) ;
#1136 = CARTESIAN_POINT ( 'NONE',  ( -1.261999999999999122, 1.681664743892413716, -2.032399999999999540 ) ) ;
#1137 = CARTESIAN_POINT ( 'NONE',  ( -3.817287407954111353E-16, 2.540000000000000036, -2.665000000000000036 ) ) ;
#1138 = CYLINDRICAL_SURFACE ( 'NONE', #467, 0.1500000000000001055 ) ;
#1139 = CLOSED_SHELL ( 'NONE', ( #1326, #350, #327, #1129, #460, #315, #1222, #765, #1202, #520, #605, #735, #140, #277, #914, #412, #760, #992, #27, #1477, #1003, #525, #1010, #1404, #576, #791, #835, #799, #482, #71, #72 ) ) ;
#1140 = CARTESIAN_POINT ( 'NONE',  ( 0.2855000000000003091, 0.2349999999999997369, -15.36500000000000021 ) ) ;
#1141 = AXIS2_PLACEMENT_3D ( 'NONE', #2, #1587, #1329 ) ;
#1142 = FACE_OUTER_BOUND ( 'NONE', #1186, .T. ) ;
#1143 = AXIS2_PLACEMENT_3D ( 'NONE', #450, #1183, #101 ) ;
#1144 = UNCERTAINTY_MEASURE_WITH_UNIT (LENGTH_MEASURE( 1.000000000000000082E-05 ), #1602, 'distance_accuracy_value', 'NONE');
#1145 = ORIENTED_EDGE ( 'NONE', *, *, #1584, .T. ) ;
#1146 = AXIS2_PLACEMENT_3D ( 'NONE', #263, #129, #628 ) ;
#1147 = MECHANICAL_DESIGN_GEOMETRIC_PRESENTATION_REPRESENTATION (  '', ( #305 ), #754 ) ;
#1148 = EDGE_CURVE ( 'NONE', #571, #1426, #1086, .T. ) ;
#1149 = VECTOR ( 'NONE', #1351, 1000.000000000000000 ) ;
#1150 = CARTESIAN_POINT ( 'NONE',  ( 0.000000000000000000, 0.000000000000000000, 2.514999999999999680 ) ) ;
#1151 =( LENGTH_UNIT ( ) NAMED_UNIT ( * ) SI_UNIT ( .MILLI., .METRE. ) );
#1152 = LINE ( 'NONE', #52, #562 ) ;
#1153 = ORIENTED_EDGE ( 'NONE', *, *, #616, .F. ) ;
#1154 = LINE ( 'NONE', #1394, #470 ) ;
#1155 = VERTEX_POINT ( 'NONE', #3 ) ;
#1156 =( LENGTH_UNIT ( ) NAMED_UNIT ( * ) SI_UNIT ( .MILLI., .METRE. ) );
#1157 = DIRECTION ( 'NONE',  ( 0.08715574274765516827, -0.9961946980917457672, 0.000000000000000000 ) ) ;
#1158 = ORIENTED_EDGE ( 'NONE', *, *, #489, .F. ) ;
#1159 = CARTESIAN_POINT ( 'NONE',  ( 0.2855000000000001426, 1.504999999999999893, -15.36500000000000021 ) ) ;
#1160 = EDGE_LOOP ( 'NONE', ( #993, #1100 ) ) ;
#1161 = UNCERTAINTY_MEASURE_WITH_UNIT (LENGTH_MEASURE( 1.000000000000000082E-05 ), #1298, 'distance_accuracy_value', 'NONE');
#1162 = ORIENTED_EDGE ( 'NONE', *, *, #552, .F. ) ;
#1163 = FACE_OUTER_BOUND ( 'NONE', #1195, .T. ) ;
#1164 = CARTESIAN_POINT ( 'NONE',  ( 0.2855000000000003646, -1.505000000000000115, -15.36500000000000021 ) ) ;
#1165 = CARTESIAN_POINT ( 'NONE',  ( -0.1594999999999999196, 1.505000000000000115, -15.36500000000000021 ) ) ;
#1166 = ORIENTED_EDGE ( 'NONE', *, *, #1042, .F. ) ;
#1167 = CARTESIAN_POINT ( 'NONE',  ( 0.000000000000000000, 0.000000000000000000, 2.665000000000000036 ) ) ;
#1168 = ORIENTED_EDGE ( 'NONE', *, *, #115, .F. ) ;
#1169 = EDGE_CURVE ( 'NONE', #818, #1299, #642, .T. ) ;
#1170 = CIRCLE ( 'NONE', #296, 0.1499999999999999667 ) ;
#1171 = AXIS2_PLACEMENT_3D ( 'NONE', #103, #372, #1580 ) ;
#1172 = VERTEX_POINT ( 'NONE', #112 ) ;
#1173 = PRESENTATION_LAYER_ASSIGNMENT (  '', '', ( #361 ) ) ;
#1174 = SURFACE_STYLE_USAGE ( .BOTH. , #705 ) ;
#1175 = AXIS2_PLACEMENT_3D ( 'NONE', #81, #1196, #1324 ) ;
#1176 = SURFACE_SIDE_STYLE ('',( #1533 ) ) ;
#1177 = VERTEX_POINT ( 'NONE', #740 ) ;
#1178 = PLANE ( 'NONE',  #328 ) ;
#1179 = ORIENTED_EDGE ( 'NONE', *, *, #769, .F. ) ;
#1180 = VECTOR ( 'NONE', #292, 1000.000000000000114 ) ;
#1181 = ORIENTED_EDGE ( 'NONE', *, *, #1334, .F. ) ;
#1182 = CARTESIAN_POINT ( 'NONE',  ( 0.000000000000000000, 0.000000000000000000, -2.665000000000000036 ) ) ;
#1183 = DIRECTION ( 'NONE',  ( -0.9961946980917457672, 0.08715574274765607032, 0.000000000000000000 ) ) ;
#1184 = SURFACE_SIDE_STYLE ('',( #206 ) ) ;
#1185 = CARTESIAN_POINT ( 'NONE',  ( -1.121999999999998998, -2.164264743892414966, 2.514999999999999680 ) ) ;
#1186 = EDGE_LOOP ( 'NONE', ( #349, #934, #480, #1470 ) ) ;
#1187 = CARTESIAN_POINT ( 'NONE',  ( -0.2095065263551445789, 2.394670554009229679, -2.514999999999999680 ) ) ;
#1188 = ORIENTED_EDGE ( 'NONE', *, *, #687, .T. ) ;
#1189 = ORIENTED_EDGE ( 'NONE', *, *, #502, .F. ) ;
#1190 = SURFACE_STYLE_USAGE ( .BOTH. , #377 ) ;
#1191 = EDGE_CURVE ( 'NONE', #603, #95, #492, .T. ) ;
#1192 = ADVANCED_FACE ( 'NONE', ( #1599 ), #483, .T. ) ;
#1193 = SURFACE_SIDE_STYLE ('',( #1456 ) ) ;
#1194 = PLANE ( 'NONE',  #592 ) ;
#1195 = EDGE_LOOP ( 'NONE', ( #1554, #1108, #1092, #1181 ) ) ;
#1196 = DIRECTION ( 'NONE',  ( 0.000000000000000000, 0.000000000000000000, 1.000000000000000000 ) ) ;
#1197 = ORIENTED_EDGE ( 'NONE', *, *, #768, .F. ) ;
#1198 =( NAMED_UNIT ( * ) SI_UNIT ( $, .STERADIAN. ) SOLID_ANGLE_UNIT ( ) );
#1199 = FILL_AREA_STYLE ('',( #763 ) ) ;
#1200 = AXIS2_PLACEMENT_3D ( 'NONE', #1116, #1249, #1369 ) ;
#1201 = SURFACE_SIDE_STYLE ('',( #1597 ) ) ;
#1202 = ADVANCED_FACE ( 'NONE', ( #1468 ), #869, .F. ) ;
#1203 = COLOUR_RGB ( '',0.8039215686274510109, 0.8039215686274510109, 0.8039215686274510109 ) ;
#1204 = DIRECTION ( 'NONE',  ( 0.000000000000000000, 0.000000000000000000, -1.000000000000000000 ) ) ;
#1205 = CIRCLE ( 'NONE', #303, 0.1499999999999999667 ) ;
#1206 = ORIENTED_EDGE ( 'NONE', *, *, #502, .T. ) ;
#1207 = DIRECTION ( 'NONE',  ( -1.000000000000000000, -0.000000000000000000, -0.000000000000000000 ) ) ;
#1208 = VECTOR ( 'NONE', #222, 1000.000000000000000 ) ;
#1209 = MECHANICAL_DESIGN_GEOMETRIC_PRESENTATION_REPRESENTATION (  '', ( #1518 ), #566 ) ;
#1210 = VERTEX_POINT ( 'NONE', #1097 ) ;
#1211 = CARTESIAN_POINT ( 'NONE',  ( 0.2855000000000003091, 0.2349999999999997369, -15.36500000000000021 ) ) ;
#1212 = FILL_AREA_STYLE ('',( #1359 ) ) ;
#1213 = FACE_OUTER_BOUND ( 'NONE', #1564, .T. ) ;
#1214 = ORIENTED_EDGE ( 'NONE', *, *, #385, .F. ) ;
#1215 = EDGE_CURVE ( 'NONE', #708, #244, #173, .T. ) ;
#1216 = CARTESIAN_POINT ( 'NONE',  ( 0.006444264202668219775, -2.262990824430997527, 2.514999999999999680 ) ) ;
#1217 = ORIENTED_EDGE ( 'NONE', *, *, #59, .T. ) ;
#1218 =( NAMED_UNIT ( * ) PLANE_ANGLE_UNIT ( ) SI_UNIT ( $, .RADIAN. ) );
#1219 = DIRECTION ( 'NONE',  ( 1.000000000000000000, 0.000000000000000000, 0.000000000000000000 ) ) ;
#1220 = EDGE_LOOP ( 'NONE', ( #672, #41, #513, #1053 ) ) ;
#1221 = DIRECTION ( 'NONE',  ( 0.000000000000000000, 0.000000000000000000, -1.000000000000000000 ) ) ;
#1222 = ADVANCED_FACE ( 'NONE', ( #1475, #1353 ), #497, .F. ) ;
#1223 = CARTESIAN_POINT ( 'NONE',  ( -0.1594999999999997253, 0.2349999999999999589, -15.36500000000000021 ) ) ;
#1224 = FILL_AREA_STYLE ('',( #745 ) ) ;
#1225 = FACE_OUTER_BOUND ( 'NONE', #1452, .T. ) ;
#1226 = AXIS2_PLACEMENT_3D ( 'NONE', #1561, #694, #918 ) ;
#1227 =( GEOMETRIC_REPRESENTATION_CONTEXT ( 3 ) GLOBAL_UNCERTAINTY_ASSIGNED_CONTEXT ( ( #981 ) ) GLOBAL_UNIT_ASSIGNED_CONTEXT ( ( #997, #1022, #775 ) ) REPRESENTATION_CONTEXT ( 'NONE', 'WORKASPACE' ) );
#1228 = ORIENTED_EDGE ( 'NONE', *, *, #653, .T. ) ;
#1229 = FACE_OUTER_BOUND ( 'NONE', #587, .T. ) ;
#1230 = AXIS2_PLACEMENT_3D ( 'NONE', #236, #357, #1356 ) ;
#1231 = VECTOR ( 'NONE', #695, 1000.000000000000000 ) ;
#1232 = DIRECTION ( 'NONE',  ( -0.000000000000000000, -0.000000000000000000, -1.000000000000000000 ) ) ;
#1233 =( GEOMETRIC_REPRESENTATION_CONTEXT ( 3 ) GLOBAL_UNCERTAINTY_ASSIGNED_CONTEXT ( ( #1480 ) ) GLOBAL_UNIT_ASSIGNED_CONTEXT ( ( #85, #1551, #844 ) ) REPRESENTATION_CONTEXT ( 'NONE', 'WORKASPACE' ) );
#1234 = PLANE ( 'NONE',  #1543 ) ;
#1235 = ORIENTED_EDGE ( 'NONE', *, *, #915, .T. ) ;
#1236 = ADVANCED_FACE ( 'NONE', ( #1070 ), #438, .F. ) ;
#1237 = CARTESIAN_POINT ( 'NONE',  ( -0.006629097209483870816, -2.412420029144759059, 2.665000000000000036 ) ) ;
#1238 = ORIENTED_EDGE ( 'NONE', *, *, #1119, .T. ) ;
#1239 = DIRECTION ( 'NONE',  ( -1.000000000000000000, 0.000000000000000000, 0.000000000000000000 ) ) ;
#1240 = CARTESIAN_POINT ( 'NONE',  ( 0.000000000000000000, 0.000000000000000000, 2.514999999999999680 ) ) ;
#1241 = SURFACE_STYLE_FILL_AREA ( #1474 ) ;
#1242 = DIRECTION ( 'NONE',  ( -0.000000000000000000, -0.000000000000000000, -1.000000000000000000 ) ) ;
#1243 = EDGE_CURVE ( 'NONE', #1383, #571, #820, .T. ) ;
#1244 = DIRECTION ( 'NONE',  ( 0.000000000000000000, 1.000000000000000000, 0.000000000000000000 ) ) ;
#1245 = CARTESIAN_POINT ( 'NONE',  ( -0.2095065263551446066, -2.394670554009230568, 2.514999999999999680 ) ) ;
#1246 = CARTESIAN_POINT ( 'NONE',  ( 0.2855000000000001426, -0.2349999999999999589, -2.665000000000000036 ) ) ;
#1247 = DIRECTION ( 'NONE',  ( 1.000000000000000000, -4.872818752743839266E-16, 0.000000000000000000 ) ) ;
#1248 = UNCERTAINTY_MEASURE_WITH_UNIT (LENGTH_MEASURE( 1.000000000000000082E-05 ), #688, 'distance_accuracy_value', 'NONE');
#1249 = DIRECTION ( 'NONE',  ( 0.000000000000000000, 1.000000000000000000, 0.000000000000000000 ) ) ;
#1250 = DIRECTION ( 'NONE',  ( 0.000000000000000000, 0.000000000000000000, 1.000000000000000000 ) ) ;
#1251 = STYLED_ITEM ( 'NONE', ( #1466 ), #145 ) ;
#1252 = DIRECTION ( 'NONE',  ( -0.000000000000000000, 0.000000000000000000, 1.000000000000000000 ) ) ;
#1253 = EDGE_CURVE ( 'NONE', #819, #711, #1125, .T. ) ;
#1254 = CARTESIAN_POINT ( 'NONE',  ( -1.121999999999999442, 2.164264743892413634, -2.514999999999999680 ) ) ;
#1255 = MECHANICAL_DESIGN_GEOMETRIC_PRESENTATION_REPRESENTATION (  '', ( #361 ), #531 ) ;
#1256 = AXIS2_PLACEMENT_3D ( 'NONE', #795, #1016, #168 ) ;
#1257 = MECHANICAL_DESIGN_GEOMETRIC_PRESENTATION_REPRESENTATION (  '', ( #1389 ), #1233 ) ;
#1258 = DIRECTION ( 'NONE',  ( -0.000000000000000000, 1.000000000000000000, 0.000000000000000000 ) ) ;
#1259 = DIRECTION ( 'NONE',  ( -3.460219699421825505E-16, -1.000000000000000000, 0.000000000000000000 ) ) ;
#1260 = CARTESIAN_POINT ( 'NONE',  ( -1.121999999999999664, 2.164264743892413634, -2.514999999999999680 ) ) ;
#1261 = LINE ( 'NONE', #677, #362 ) ;
#1262 = CARTESIAN_POINT ( 'NONE',  ( -0.1594999999999997253, 0.2349999999999999589, -2.665000000000000036 ) ) ;
#1263 = CARTESIAN_POINT ( 'NONE',  ( -1.121999999999998776, -2.301714419995029015, 2.665000000000000036 ) ) ;
#1264 = APPLICATION_CONTEXT ( 'automotive_design' ) ;
#1265 = FACE_OUTER_BOUND ( 'NONE', #240, .T. ) ;
#1266 = DIRECTION ( 'NONE',  ( 0.08715574274765605645, -0.9961946980917456562, 0.000000000000000000 ) ) ;
#1267 = DIRECTION ( 'NONE',  ( -0.08715574274765516827, 0.9961946980917457672, 0.000000000000000000 ) ) ;
#1268 = ORIENTED_EDGE ( 'NONE', *, *, #1315, .T. ) ;
#1269 = CARTESIAN_POINT ( 'NONE',  ( -0.1595000000000000584, 1.035000000000000142, -2.665000000000000036 ) ) ;
#1270 = EDGE_CURVE ( 'NONE', #1177, #708, #902, .T. ) ;
#1271 = VERTEX_POINT ( 'NONE', #203 ) ;
#1272 = CARTESIAN_POINT ( 'NONE',  ( -1.261999999999999122, 1.681664743892413716, -2.032399999999999540 ) ) ;
#1273 = FACE_OUTER_BOUND ( 'NONE', #1323, .T. ) ;
#1274 = FILL_AREA_STYLE_COLOUR ( '', #957 ) ;
#1275 = CYLINDRICAL_SURFACE ( 'NONE', #1439, 0.1500000000000001055 ) ;
#1276 = ORIENTED_EDGE ( 'NONE', *, *, #247, .T. ) ;
#1277 = VECTOR ( 'NONE', #1112, 1000.000000000000000 ) ;
#1278 = ORIENTED_EDGE ( 'NONE', *, *, #813, .T. ) ;
#1279 = AXIS2_PLACEMENT_3D ( 'NONE', #151, #1288, #920 ) ;
#1280 =( GEOMETRIC_REPRESENTATION_CONTEXT ( 3 ) GLOBAL_UNCERTAINTY_ASSIGNED_CONTEXT ( ( #759 ) ) GLOBAL_UNIT_ASSIGNED_CONTEXT ( ( #1294, #839, #452 ) ) REPRESENTATION_CONTEXT ( 'NONE', 'WORKASPACE' ) );
#1281 = ADVANCED_FACE ( 'NONE', ( #1084 ), #951, .F. ) ;
#1282 = EDGE_CURVE ( 'NONE', #663, #1036, #1569, .T. ) ;
#1283 = VECTOR ( 'NONE', #110, 1000.000000000000000 ) ;
#1284 = PLANE ( 'NONE',  #1384 ) ;
#1285 = DIRECTION ( 'NONE',  ( -1.000000000000000000, 0.000000000000000000, 0.000000000000000000 ) ) ;
#1286 = PRODUCT_DEFINITION_FORMATION_WITH_SPECIFIED_SOURCE ( 'ANY', '', #1455, .NOT_KNOWN. ) ;
#1287 = VERTEX_POINT ( 'NONE', #680 ) ;
#1288 = DIRECTION ( 'NONE',  ( -0.000000000000000000, -0.000000000000000000, 1.000000000000000000 ) ) ;
#1289 = ORIENTED_EDGE ( 'NONE', *, *, #1348, .T. ) ;
#1290 =( NAMED_UNIT ( * ) PLANE_ANGLE_UNIT ( ) SI_UNIT ( $, .RADIAN. ) );
#1291 = SURFACE_STYLE_FILL_AREA ( #191 ) ;
#1292 = DIRECTION ( 'NONE',  ( -0.000000000000000000, 0.000000000000000000, 1.000000000000000000 ) ) ;
#1293 = ADVANCED_FACE ( 'NONE', ( #1163 ), #1234, .T. ) ;
#1294 =( LENGTH_UNIT ( ) NAMED_UNIT ( * ) SI_UNIT ( .MILLI., .METRE. ) );
#1295 = ORIENTED_EDGE ( 'NONE', *, *, #1119, .F. ) ;
#1296 = CARTESIAN_POINT ( 'NONE',  ( -1.121999999999999220, -1.585524459891113590E-16, -2.514999999999999680 ) ) ;
#1297 = ORIENTED_EDGE ( 'NONE', *, *, #503, .F. ) ;
#1298 =( LENGTH_UNIT ( ) NAMED_UNIT ( * ) SI_UNIT ( .MILLI., .METRE. ) );
#1299 = VERTEX_POINT ( 'NONE', #1462 ) ;
#1300 = DIRECTION ( 'NONE',  ( 1.000000000000000000, 1.413123404537535277E-16, -0.000000000000000000 ) ) ;
#1301 = CARTESIAN_POINT ( 'NONE',  ( 6.725441601199144692E-16, -2.413000000000000700, -2.514999999999999680 ) ) ;
#1302 = CARTESIAN_POINT ( 'NONE',  ( -1.908643703977055677E-16, 1.270000000000000018, -2.665000000000000036 ) ) ;
#1303 = CARTESIAN_POINT ( 'NONE',  ( 0.2855000000000005311, -1.035000000000000364, -15.36500000000000021 ) ) ;
#1304 = ORIENTED_EDGE ( 'NONE', *, *, #1270, .F. ) ;
#1305 = CARTESIAN_POINT ( 'NONE',  ( -1.121999999999998998, -2.164264743892414966, -2.514999999999999680 ) ) ;
#1306 = ORIENTED_EDGE ( 'NONE', *, *, #1191, .T. ) ;
#1307 = ADVANCED_FACE ( 'NONE', ( #601 ), #1115, .F. ) ;
#1308 = VECTOR ( 'NONE', #138, 1000.000000000000000 ) ;
#1309 = VERTEX_POINT ( 'NONE', #972 ) ;
#1310 =( NAMED_UNIT ( * ) SI_UNIT ( $, .STERADIAN. ) SOLID_ANGLE_UNIT ( ) );
#1311 = VECTOR ( 'NONE', #709, 1000.000000000000000 ) ;
#1312 = CIRCLE ( 'NONE', #700, 0.1500000000000001055 ) ;
#1313 = FILL_AREA_STYLE ('',( #829 ) ) ;
#1314 = CYLINDRICAL_SURFACE ( 'NONE', #805, 0.1499999999999999944 ) ;
#1315 = EDGE_CURVE ( 'NONE', #536, #579, #395, .T. ) ;
#1316 = ORIENTED_EDGE ( 'NONE', *, *, #15, .T. ) ;
#1317 = CARTESIAN_POINT ( 'NONE',  ( 0.2854999999999999760, 1.035000000000000142, -15.36500000000000021 ) ) ;
#1318 = CARTESIAN_POINT ( 'NONE',  ( 0.000000000000000000, 0.000000000000000000, 0.000000000000000000 ) ) ;
#1319 = EDGE_CURVE ( 'NONE', #378, #1135, #333, .T. ) ;
#1320 = ORIENTED_EDGE ( 'NONE', *, *, #308, .F. ) ;
#1321 = FILL_AREA_STYLE ('',( #1327 ) ) ;
#1322 = CARTESIAN_POINT ( 'NONE',  ( -1.121999999999998998, -2.164264743892414966, 2.514999999999999680 ) ) ;
#1323 = EDGE_LOOP ( 'NONE', ( #1162, #815, #825, #28 ) ) ;
#1324 = DIRECTION ( 'NONE',  ( 1.000000000000000000, 0.000000000000000000, 0.000000000000000000 ) ) ;
#1325 = ORIENTED_EDGE ( 'NONE', *, *, #626, .T. ) ;
#1326 = ADVANCED_FACE ( 'NONE', ( #370 ), #242, .F. ) ;
#1327 = FILL_AREA_STYLE_COLOUR ( '', #1104 ) ;
#1328 = DIRECTION ( 'NONE',  ( -0.000000000000000000, 0.000000000000000000, 1.000000000000000000 ) ) ;
#1329 = DIRECTION ( 'NONE',  ( 1.000000000000000000, 0.000000000000000000, 0.000000000000000000 ) ) ;
#1330 = DIRECTION ( 'NONE',  ( 1.413123404537535277E-16, -1.000000000000000000, 0.000000000000000000 ) ) ;
#1331 = ORIENTED_EDGE ( 'NONE', *, *, #1464, .T. ) ;
#1332 = CARTESIAN_POINT ( 'NONE',  ( -1.121999999999999442, 2.164264743892413634, -2.665000000000000036 ) ) ;
#1333 = EDGE_LOOP ( 'NONE', ( #928, #1517, #287, #1228 ) ) ;
#1334 = EDGE_CURVE ( 'NONE', #1041, #806, #505, .T. ) ;
#1335 = DIRECTION ( 'NONE',  ( 0.002847664252147528302, -0.9999959453959336164, 0.000000000000000000 ) ) ;
#1336 =( GEOMETRIC_REPRESENTATION_CONTEXT ( 3 ) GLOBAL_UNCERTAINTY_ASSIGNED_CONTEXT ( ( #949 ) ) GLOBAL_UNIT_ASSIGNED_CONTEXT ( ( #1106, #1096, #364 ) ) REPRESENTATION_CONTEXT ( 'NONE', 'WORKASPACE' ) );
#1337 = CARTESIAN_POINT ( 'NONE',  ( 0.006444264202664392975, -2.262990824430997527, -2.514999999999999680 ) ) ;
#1338 = CARTESIAN_POINT ( 'NONE',  ( -1.271999999999999353, 1.681664743892413716, -2.032399999999999540 ) ) ;
#1339 = VECTOR ( 'NONE', #1427, 1000.000000000000000 ) ;
#1340 = ORIENTED_EDGE ( 'NONE', *, *, #684, .T. ) ;
#1341 = CARTESIAN_POINT ( 'NONE',  ( 0.2855000000000005311, -1.035000000000000364, -15.36500000000000021 ) ) ;
#1342 = CIRCLE ( 'NONE', #1080, 0.2413000000000002920 ) ;
#1343 = AXIS2_PLACEMENT_3D ( 'NONE', #1216, #989, #227 ) ;
#1344 = DIRECTION ( 'NONE',  ( 0.000000000000000000, 0.000000000000000000, 1.000000000000000000 ) ) ;
#1345 = EDGE_CURVE ( 'NONE', #1585, #1155, #744, .T. ) ;
#1346 = FACE_OUTER_BOUND ( 'NONE', #495, .T. ) ;
#1347 = PLANE ( 'NONE',  #1124 ) ;
#1348 = EDGE_CURVE ( 'NONE', #1083, #434, #1005, .T. ) ;
#1349 = VERTEX_POINT ( 'NONE', #1223 ) ;
#1350 = DIRECTION ( 'NONE',  ( 2.883516416184852533E-16, 1.000000000000000000, -0.000000000000000000 ) ) ;
#1351 = DIRECTION ( 'NONE',  ( 1.000000000000000000, -4.872818752743839266E-16, 0.000000000000000000 ) ) ;
#1352 = SURFACE_STYLE_USAGE ( .BOTH. , #1184 ) ;
#1353 = FACE_OUTER_BOUND ( 'NONE', #1396, .T. ) ;
#1354 = ORIENTED_EDGE ( 'NONE', *, *, #514, .F. ) ;
#1355 = ORIENTED_EDGE ( 'NONE', *, *, #1446, .T. ) ;
#1356 = DIRECTION ( 'NONE',  ( 2.883516416184853026E-16, 1.000000000000000000, 0.000000000000000000 ) ) ;
#1357 = CARTESIAN_POINT ( 'NONE',  ( 0.000000000000000000, 0.000000000000000000, -2.514999999999999680 ) ) ;
#1358 = CARTESIAN_POINT ( 'NONE',  ( 0.006444264202678959448, 2.262990824430997527, 2.514999999999999680 ) ) ;
#1359 = FILL_AREA_STYLE_COLOUR ( '', #693 ) ;
#1360 = STYLED_ITEM ( 'NONE', ( #1532 ), #371 ) ;
#1361 = ORIENTED_EDGE ( 'NONE', *, *, #1243, .F. ) ;
#1362 = SPHERICAL_SURFACE ( 'NONE', #1146, 0.1499999999999999944 ) ;
#1363 = AXIS2_PLACEMENT_3D ( 'NONE', #1093, #604, #1484 ) ;
#1364 = UNCERTAINTY_MEASURE_WITH_UNIT (LENGTH_MEASURE( 1.000000000000000082E-05 ), #681, 'distance_accuracy_value', 'NONE');
#1365 = DIRECTION ( 'NONE',  ( 1.000000000000000000, 0.000000000000000000, 0.000000000000000000 ) ) ;
#1366 = EDGE_CURVE ( 'NONE', #306, #1210, #595, .T. ) ;
#1367 = VECTOR ( 'NONE', #398, 1000.000000000000114 ) ;
#1368 = UNCERTAINTY_MEASURE_WITH_UNIT (LENGTH_MEASURE( 1.000000000000000082E-05 ), #1407, 'distance_accuracy_value', 'NONE');
#1369 = DIRECTION ( 'NONE',  ( 0.000000000000000000, 0.000000000000000000, 1.000000000000000000 ) ) ;
#1370 = CARTESIAN_POINT ( 'NONE',  ( -0.1594999999999998641, -0.2349999999999999589, -15.36500000000000021 ) ) ;
#1371 = CARTESIAN_POINT ( 'NONE',  ( -1.908643703977055677E-16, 1.270000000000000018, -15.36500000000000021 ) ) ;
#1372 = LINE ( 'NONE', #1085, #925 ) ;
#1373 = DIRECTION ( 'NONE',  ( -0.9999959453959335054, 0.002847664252178043389, -2.357000791149225757E-14 ) ) ;
#1374 = EDGE_CURVE ( 'NONE', #1271, #579, #237, .T. ) ;
#1375 = CYLINDRICAL_SURFACE ( 'NONE', #300, 0.1499999999999999944 ) ;
#1376 = EDGE_CURVE ( 'NONE', #135, #319, #738, .T. ) ;
#1377 = ORIENTED_EDGE ( 'NONE', *, *, #1088, .T. ) ;
#1378 = PRESENTATION_STYLE_ASSIGNMENT (( #1118 ) ) ;
#1379 = DIRECTION ( 'NONE',  ( -1.413123404537535277E-16, 1.000000000000000000, 0.000000000000000000 ) ) ;
#1380 = CARTESIAN_POINT ( 'NONE',  ( -0.1594999999999999196, 1.505000000000000115, -2.665000000000000036 ) ) ;
#1381 = MANIFOLD_SOLID_BREP ( 'Boss-Extrude3', #144 ) ;
#1382 = CLOSED_SHELL ( 'NONE', ( #62, #1192, #404, #116 ) ) ;
#1383 = VERTEX_POINT ( 'NONE', #408 ) ;
#1384 = AXIS2_PLACEMENT_3D ( 'NONE', #1302, #1292, #577 ) ;
#1385 = LINE ( 'NONE', #1245, #172 ) ;
#1386 = CARTESIAN_POINT ( 'NONE',  ( 0.006444264202682452314, 2.262990824430997527, -2.514999999999999680 ) ) ;
#1387 = VECTOR ( 'NONE', #422, 1000.000000000000000 ) ;
#1388 = CARTESIAN_POINT ( 'NONE',  ( -0.1964331649429963411, -2.245241349295468591, 2.665000000000000036 ) ) ;
#1389 = STYLED_ITEM ( 'NONE', ( #183 ), #1236 ) ;
#1390 = VERTEX_POINT ( 'NONE', #142 ) ;
#1391 =( NAMED_UNIT ( * ) PLANE_ANGLE_UNIT ( ) SI_UNIT ( $, .RADIAN. ) );
#1392 = EDGE_CURVE ( 'NONE', #565, #1041, #117, .T. ) ;
#1393 = SPHERICAL_SURFACE ( 'NONE', #1256, 0.1499999999999999944 ) ;
#1394 = CARTESIAN_POINT ( 'NONE',  ( 0.2855000000000001426, 1.504999999999999893, -15.36500000000000021 ) ) ;
#1395 = PRODUCT_DEFINITION_CONTEXT ( 'detailed design', #581, 'design' ) ;
#1396 = EDGE_LOOP ( 'NONE', ( #457, #432, #630, #355 ) ) ;
#1397 = DIRECTION ( 'NONE',  ( 0.000000000000000000, 0.000000000000000000, 1.000000000000000000 ) ) ;
#1398 = DIRECTION ( 'NONE',  ( -0.002847664252154666256, -0.9999959453959336164, 0.000000000000000000 ) ) ;
#1399 = DIRECTION ( 'NONE',  ( -4.872818752743840253E-16, -1.000000000000000000, 0.000000000000000000 ) ) ;
#1400 = CARTESIAN_POINT ( 'NONE',  ( -0.1964331649429963411, -2.245241349295468591, -2.514999999999999680 ) ) ;
#1401 = ORIENTED_EDGE ( 'NONE', *, *, #854, .F. ) ;
#1402 = DIRECTION ( 'NONE',  ( -0.000000000000000000, -0.000000000000000000, 1.000000000000000000 ) ) ;
#1403 = PRODUCT_RELATED_PRODUCT_CATEGORY ( 'part', '', ( #1455 ) ) ;
#1404 = ADVANCED_FACE ( 'NONE', ( #1142 ), #511, .T. ) ;
#1405 = ORIENTED_EDGE ( 'NONE', *, *, #185, .T. ) ;
#1406 = PLANE ( 'NONE',  #194 ) ;
#1407 =( LENGTH_UNIT ( ) NAMED_UNIT ( * ) SI_UNIT ( .MILLI., .METRE. ) );
#1408 = EDGE_LOOP ( 'NONE', ( #960, #1582, #163, #1235 ) ) ;
#1409 = CYLINDRICAL_SURFACE ( 'NONE', #507, 0.1500000000000001055 ) ;
#1410 =( NAMED_UNIT ( * ) SI_UNIT ( $, .STERADIAN. ) SOLID_ANGLE_UNIT ( ) );
#1411 = COLOUR_RGB ( '',0.8039215686274510109, 0.8039215686274510109, 0.8039215686274510109 ) ;
#1412 = ORIENTED_EDGE ( 'NONE', *, *, #267, .T. ) ;
#1413 = VECTOR ( 'NONE', #444, 1000.000000000000000 ) ;
#1414 = EDGE_CURVE ( 'NONE', #434, #1113, #1018, .T. ) ;
#1415 = LINE ( 'NONE', #1301, #898 ) ;
#1416 = PRESENTATION_STYLE_ASSIGNMENT (( #57 ) ) ;
#1417 = FILL_AREA_STYLE_COLOUR ( '', #394 ) ;
#1418 = ORIENTED_EDGE ( 'NONE', *, *, #1054, .F. ) ;
#1419 = LINE ( 'NONE', #473, #532 ) ;
#1420 = ORIENTED_EDGE ( 'NONE', *, *, #285, .T. ) ;
#1421 = ORIENTED_EDGE ( 'NONE', *, *, #631, .T. ) ;
#1422 = DIRECTION ( 'NONE',  ( 1.000000000000000000, -8.881784197001252323E-16, 0.000000000000000000 ) ) ;
#1423 = FACE_OUTER_BOUND ( 'NONE', #843, .T. ) ;
#1424 = EDGE_CURVE ( 'NONE', #1135, #965, #538, .T. ) ;
#1425 = CARTESIAN_POINT ( 'NONE',  ( 0.000000000000000000, 0.000000000000000000, -2.514999999999999680 ) ) ;
#1426 = VERTEX_POINT ( 'NONE', #403 ) ;
#1427 = DIRECTION ( 'NONE',  ( -0.000000000000000000, -0.000000000000000000, 1.000000000000000000 ) ) ;
#1428 = ORIENTED_EDGE ( 'NONE', *, *, #1366, .F. ) ;
#1429 =( NAMED_UNIT ( * ) PLANE_ANGLE_UNIT ( ) SI_UNIT ( $, .RADIAN. ) );
#1430 = FILL_AREA_STYLE_COLOUR ( '', #953 ) ;
#1431 = FACE_OUTER_BOUND ( 'NONE', #838, .T. ) ;
#1432 = ORIENTED_EDGE ( 'NONE', *, *, #451, .F. ) ;
#1433 = FACE_OUTER_BOUND ( 'NONE', #1408, .T. ) ;
#1434 = AXIS2_PLACEMENT_3D ( 'NONE', #1527, #1544, #1037 ) ;
#1435 = VERTEX_POINT ( 'NONE', #1380 ) ;
#1436 =( LENGTH_UNIT ( ) NAMED_UNIT ( * ) SI_UNIT ( .MILLI., .METRE. ) );
#1437 = MECHANICAL_DESIGN_GEOMETRIC_PRESENTATION_REPRESENTATION (  '', ( #1360 ), #1538 ) ;
#1438 = DIRECTION ( 'NONE',  ( 0.000000000000000000, -0.000000000000000000, 1.000000000000000000 ) ) ;
#1439 = AXIS2_PLACEMENT_3D ( 'NONE', #771, #912, #1267 ) ;
#1440 = ORIENTED_EDGE ( 'NONE', *, *, #662, .T. ) ;
#1441 = DIRECTION ( 'NONE',  ( -1.000000000000000000, 0.000000000000000000, 0.000000000000000000 ) ) ;
#1442 = STYLED_ITEM ( 'NONE', ( #91 ), #1281 ) ;
#1443 = ORIENTED_EDGE ( 'NONE', *, *, #106, .T. ) ;
#1444 = AXIS2_PLACEMENT_3D ( 'NONE', #54, #286, #916 ) ;
#1445 = DIRECTION ( 'NONE',  ( 1.000000000000000000, -4.872818752743839266E-16, 0.000000000000000000 ) ) ;
#1446 = EDGE_CURVE ( 'NONE', #571, #789, #1154, .T. ) ;
#1447 = ORIENTED_EDGE ( 'NONE', *, *, #150, .T. ) ;
#1448 = FACE_OUTER_BOUND ( 'NONE', #320, .T. ) ;
#1449 = LINE ( 'NONE', #243, #44 ) ;
#1450 = EDGE_LOOP ( 'NONE', ( #849, #1276, #375 ) ) ;
#1451 = CARTESIAN_POINT ( 'NONE',  ( -0.1594999999999995310, -1.035000000000000142, -15.36500000000000021 ) ) ;
#1452 = EDGE_LOOP ( 'NONE', ( #109, #1043, #5, #757 ) ) ;
#1453 = DIRECTION ( 'NONE',  ( 1.000000000000000000, -4.872818752743839266E-16, 0.000000000000000000 ) ) ;
#1454 = EDGE_CURVE ( 'NONE', #1155, #434, #26, .T. ) ;
#1455 = PRODUCT ( 'MCP1700-3302ETO', 'MCP1700-3302ETO', '', ( #446 ) ) ;
#1456 = SURFACE_STYLE_FILL_AREA ( #1224 ) ;
#1457 = LINE ( 'NONE', #373, #1494 ) ;
#1458 = VERTEX_POINT ( 'NONE', #790 ) ;
#1459 = CARTESIAN_POINT ( 'NONE',  ( -0.1595000000000000584, 1.035000000000000142, -15.36500000000000021 ) ) ;
#1460 = CLOSED_SHELL ( 'NONE', ( #1281, #1307, #198, #145, #879, #84 ) ) ;
#1461 = VERTEX_POINT ( 'NONE', #1035 ) ;
#1462 = CARTESIAN_POINT ( 'NONE',  ( -1.271999999999999353, 1.681664743892413716, -1.791099999999999470 ) ) ;
#1463 =( GEOMETRIC_REPRESENTATION_CONTEXT ( 3 ) GLOBAL_UNCERTAINTY_ASSIGNED_CONTEXT ( ( #621 ) ) GLOBAL_UNIT_ASSIGNED_CONTEXT ( ( #715, #990, #1073 ) ) REPRESENTATION_CONTEXT ( 'NONE', 'WORKASPACE' ) );
#1464 = EDGE_CURVE ( 'NONE', #1435, #789, #1524, .T. ) ;
#1465 = EDGE_LOOP ( 'NONE', ( #1405, #1568, #90, #609 ) ) ;
#1466 = PRESENTATION_STYLE_ASSIGNMENT (( #1352 ) ) ;
#1467 = PRESENTATION_LAYER_ASSIGNMENT (  '', '', ( #955 ) ) ;
#1468 = FACE_OUTER_BOUND ( 'NONE', #582, .T. ) ;
#1469 = AXIS2_PLACEMENT_3D ( 'NONE', #462, #939, #1536 ) ;
#1470 = ORIENTED_EDGE ( 'NONE', *, *, #585, .F. ) ;
#1471 = CYLINDRICAL_SURFACE ( 'NONE', #1539, 0.1499999999999999667 ) ;
#1472 =( GEOMETRIC_REPRESENTATION_CONTEXT ( 3 ) GLOBAL_UNCERTAINTY_ASSIGNED_CONTEXT ( ( #1144 ) ) GLOBAL_UNIT_ASSIGNED_CONTEXT ( ( #1602, #599, #994 ) ) REPRESENTATION_CONTEXT ( 'NONE', 'WORKASPACE' ) );
#1473 =( GEOMETRIC_REPRESENTATION_CONTEXT ( 3 ) GLOBAL_UNCERTAINTY_ASSIGNED_CONTEXT ( ( #265 ) ) GLOBAL_UNIT_ASSIGNED_CONTEXT ( ( #1594, #1111, #629 ) ) REPRESENTATION_CONTEXT ( 'NONE', 'WORKASPACE' ) );
#1474 = FILL_AREA_STYLE ('',( #1479 ) ) ;
#1475 = FACE_BOUND ( 'NONE', #1069, .T. ) ;
#1476 = ORIENTED_EDGE ( 'NONE', *, *, #712, .T. ) ;
#1477 = ADVANCED_FACE ( 'NONE', ( #1504 ), #20, .T. ) ;
#1478 = DIRECTION ( 'NONE',  ( -0.000000000000000000, 1.000000000000000000, 0.000000000000000000 ) ) ;
#1479 = FILL_AREA_STYLE_COLOUR ( '', #780 ) ;
#1480 = UNCERTAINTY_MEASURE_WITH_UNIT (LENGTH_MEASURE( 1.000000000000000082E-05 ), #85, 'distance_accuracy_value', 'NONE');
#1481 = DIRECTION ( 'NONE',  ( -1.000000000000000000, 5.782411586589357244E-15, 0.000000000000000000 ) ) ;
#1482 = DIRECTION ( 'NONE',  ( -0.000000000000000000, 0.000000000000000000, 1.000000000000000000 ) ) ;
#1483 = ORIENTED_EDGE ( 'NONE', *, *, #813, .F. ) ;
#1484 = DIRECTION ( 'NONE',  ( 1.000000000000000000, 0.000000000000000000, 0.000000000000000000 ) ) ;
#1485 = FACE_OUTER_BOUND ( 'NONE', #119, .T. ) ;
#1486 = DIRECTION ( 'NONE',  ( -0.000000000000000000, -0.000000000000000000, 1.000000000000000000 ) ) ;
#1487 =( GEOMETRIC_REPRESENTATION_CONTEXT ( 3 ) GLOBAL_UNCERTAINTY_ASSIGNED_CONTEXT ( ( #1592 ) ) GLOBAL_UNIT_ASSIGNED_CONTEXT ( ( #903, #1391, #656 ) ) REPRESENTATION_CONTEXT ( 'NONE', 'WORKASPACE' ) );
#1488 = DIRECTION ( 'NONE',  ( 0.000000000000000000, 0.000000000000000000, 1.000000000000000000 ) ) ;
#1489 = AXIS2_PLACEMENT_3D ( 'NONE', #891, #9, #33 ) ;
#1490 = MECHANICAL_DESIGN_GEOMETRIC_PRESENTATION_REPRESENTATION (  '', ( #1099 ), #773 ) ;
#1491 = FILL_AREA_STYLE_COLOUR ( '', #691 ) ;
#1492 = LINE ( 'NONE', #742, #1076 ) ;
#1493 = AXIS2_PLACEMENT_3D ( 'NONE', #1011, #1379, #270 ) ;
#1494 = VECTOR ( 'NONE', #1330, 1000.000000000000000 ) ;
#1495 = CARTESIAN_POINT ( 'NONE',  ( 0.006871413840490137384, -2.412990216240388008, -2.514999999999999680 ) ) ;
#1496 = EDGE_CURVE ( 'NONE', #962, #306, #519, .T. ) ;
#1497 = UNCERTAINTY_MEASURE_WITH_UNIT (LENGTH_MEASURE( 1.000000000000000082E-05 ), #1151, 'distance_accuracy_value', 'NONE');
#1498 = FACE_OUTER_BOUND ( 'NONE', #865, .T. ) ;
#1499 = DIRECTION ( 'NONE',  ( -1.000000000000000000, 0.000000000000000000, 0.000000000000000000 ) ) ;
#1500 = LINE ( 'NONE', #1140, #590 ) ;
#1501 = SPHERICAL_SURFACE ( 'NONE', #35, 0.1499999999999999944 ) ;
#1502 = CARTESIAN_POINT ( 'NONE',  ( -0.1594999999999996698, -1.505000000000000115, -15.36500000000000021 ) ) ;
#1503 = CARTESIAN_POINT ( 'NONE',  ( 0.000000000000000000, 0.000000000000000000, 2.665000000000000036 ) ) ;
#1504 = FACE_OUTER_BOUND ( 'NONE', #1591, .T. ) ;
#1505 = ORIENTED_EDGE ( 'NONE', *, *, #1148, .F. ) ;
#1506 = EDGE_CURVE ( 'NONE', #1113, #448, #280, .T. ) ;
#1507 = VECTOR ( 'NONE', #793, 1000.000000000000000 ) ;
#1508 = DIRECTION ( 'NONE',  ( 1.000000000000000000, 0.000000000000000000, 0.000000000000000000 ) ) ;
#1509 = AXIS2_PLACEMENT_3D ( 'NONE', #874, #722, #353 ) ;
#1510 =( NAMED_UNIT ( * ) SI_UNIT ( $, .STERADIAN. ) SOLID_ANGLE_UNIT ( ) );
#1511 = AXIS2_PLACEMENT_3D ( 'NONE', #574, #204, #917 ) ;
#1512 = SPHERICAL_SURFACE ( 'NONE', #832, 0.1499999999999999944 ) ;
#1513 = AXIS2_PLACEMENT_3D ( 'NONE', #25, #1034, #895 ) ;
#1514 = DIRECTION ( 'NONE',  ( -1.000000000000000000, -0.000000000000000000, -0.000000000000000000 ) ) ;
#1515 = AXIS2_PLACEMENT_3D ( 'NONE', #87, #1553, #823 ) ;
#1516 = AXIS2_PLACEMENT_3D ( 'NONE', #313, #212, #583 ) ;
#1517 = ORIENTED_EDGE ( 'NONE', *, *, #866, .F. ) ;
#1518 = STYLED_ITEM ( 'NONE', ( #719 ), #24 ) ;
#1519 = DIRECTION ( 'NONE',  ( 1.000000000000000000, -2.883516416184853026E-16, 0.000000000000000000 ) ) ;
#1520 = DIRECTION ( 'NONE',  ( -1.000000000000000000, 0.000000000000000000, 0.000000000000000000 ) ) ;
#1521 = FACE_OUTER_BOUND ( 'NONE', #1333, .T. ) ;
#1522 = CARTESIAN_POINT ( 'NONE',  ( 0.2855000000000005311, -1.035000000000000364, -15.36500000000000021 ) ) ;
#1523 = ORIENTED_EDGE ( 'NONE', *, *, #631, .F. ) ;
#1524 = LINE ( 'NONE', #772, #257 ) ;
#1525 = EDGE_LOOP ( 'NONE', ( #1145, #1206, #1158 ) ) ;
#1526 = CARTESIAN_POINT ( 'NONE',  ( 0.2855000000000005311, -1.035000000000000364, -15.36500000000000021 ) ) ;
#1527 = CARTESIAN_POINT ( 'NONE',  ( -1.271999999999999353, 1.681664743892413716, -2.032399999999999540 ) ) ;
#1528 = DIRECTION ( 'NONE',  ( -3.460219699421825505E-16, -1.000000000000000000, 0.000000000000000000 ) ) ;
#1529 = ORIENTED_EDGE ( 'NONE', *, *, #1148, .T. ) ;
#1530 = EDGE_CURVE ( 'NONE', #1390, #1558, #526, .T. ) ;
#1531 = ORIENTED_EDGE ( 'NONE', *, *, #1376, .F. ) ;
#1532 = PRESENTATION_STYLE_ASSIGNMENT (( #48 ) ) ;
#1533 = SURFACE_STYLE_FILL_AREA ( #1048 ) ;
#1534 = DIRECTION ( 'NONE',  ( -1.000000000000000000, 0.000000000000000000, 0.000000000000000000 ) ) ;
#1535 = ORIENTED_EDGE ( 'NONE', *, *, #489, .T. ) ;
#1536 = DIRECTION ( 'NONE',  ( -1.000000000000000000, 0.000000000000000000, 0.000000000000000000 ) ) ;
#1537 = CIRCLE ( 'NONE', #1017, 2.413000000000000256 ) ;
#1538 =( GEOMETRIC_REPRESENTATION_CONTEXT ( 3 ) GLOBAL_UNCERTAINTY_ASSIGNED_CONTEXT ( ( #1364 ) ) GLOBAL_UNIT_ASSIGNED_CONTEXT ( ( #681, #547, #1045 ) ) REPRESENTATION_CONTEXT ( 'NONE', 'WORKASPACE' ) );
#1539 = AXIS2_PLACEMENT_3D ( 'NONE', #610, #376, #1239 ) ;
#1540 = DIRECTION ( 'NONE',  ( -3.460219699421825012E-16, -1.000000000000000000, 0.000000000000000000 ) ) ;
#1541 = DIRECTION ( 'NONE',  ( -0.000000000000000000, 0.000000000000000000, 1.000000000000000000 ) ) ;
#1542 = AXIS2_PLACEMENT_3D ( 'NONE', #1338, #734, #239 ) ;
#1543 = AXIS2_PLACEMENT_3D ( 'NONE', #1, #868, #1365 ) ;
#1544 = DIRECTION ( 'NONE',  ( -1.000000000000000000, 0.000000000000000000, 0.000000000000000000 ) ) ;
#1545 = LINE ( 'NONE', #178, #1231 ) ;
#1546 = EDGE_LOOP ( 'NONE', ( #1153, #301, #1179, #46 ) ) ;
#1547 = DIRECTION ( 'NONE',  ( -0.000000000000000000, 0.000000000000000000, 1.000000000000000000 ) ) ;
#1548 = ORIENTED_EDGE ( 'NONE', *, *, #1374, .F. ) ;
#1549 = CARTESIAN_POINT ( 'NONE',  ( 0.2855000000000003091, 0.2349999999999997369, -15.36500000000000021 ) ) ;
#1550 = ORIENTED_EDGE ( 'NONE', *, *, #1496, .T. ) ;
#1551 =( NAMED_UNIT ( * ) PLANE_ANGLE_UNIT ( ) SI_UNIT ( $, .RADIAN. ) );
#1552 = FACE_OUTER_BOUND ( 'NONE', #341, .T. ) ;
#1553 = DIRECTION ( 'NONE',  ( 0.000000000000000000, -0.000000000000000000, 1.000000000000000000 ) ) ;
#1554 = ORIENTED_EDGE ( 'NONE', *, *, #1392, .F. ) ;
#1555 = DIRECTION ( 'NONE',  ( -1.000000000000000000, 0.000000000000000000, 0.000000000000000000 ) ) ;
#1556 = EDGE_LOOP ( 'NONE', ( #126, #295, #852, #1420 ) ) ;
#1557 = APPLICATION_PROTOCOL_DEFINITION ( 'draft international standard', 'automotive_design', 1998, #1264 ) ;
#1558 = VERTEX_POINT ( 'NONE', #1269 ) ;
#1559 = SURFACE_STYLE_USAGE ( .BOTH. , #690 ) ;
#1560 =( LENGTH_UNIT ( ) NAMED_UNIT ( * ) SI_UNIT ( .MILLI., .METRE. ) );
#1561 = CARTESIAN_POINT ( 'NONE',  ( -1.261999999999999122, 1.681664743892413716, -2.032399999999999540 ) ) ;
#1562 = EDGE_CURVE ( 'NONE', #685, #1177, #43, .T. ) ;
#1563 = SURFACE_STYLE_USAGE ( .BOTH. , #93 ) ;
#1564 = EDGE_LOOP ( 'NONE', ( #1014, #1377, #627, #1117 ) ) ;
#1565 = DIRECTION ( 'NONE',  ( 0.000000000000000000, 0.000000000000000000, 1.000000000000000000 ) ) ;
#1566 = CARTESIAN_POINT ( 'NONE',  ( -0.1594999999999997253, 0.2349999999999999589, -2.665000000000000036 ) ) ;
#1567 =( GEOMETRIC_REPRESENTATION_CONTEXT ( 3 ) GLOBAL_UNCERTAINTY_ASSIGNED_CONTEXT ( ( #348 ) ) GLOBAL_UNIT_ASSIGNED_CONTEXT ( ( #974, #1218, #761 ) ) REPRESENTATION_CONTEXT ( 'NONE', 'WORKASPACE' ) );
#1568 = ORIENTED_EDGE ( 'NONE', *, *, #267, .F. ) ;
#1569 = LINE ( 'NONE', #966, #152 ) ;
#1570 = TOROIDAL_SURFACE ( 'NONE', #100, 2.263000000000000345, 0.1499999999999999944 ) ;
#1571 =( LENGTH_UNIT ( ) NAMED_UNIT ( * ) SI_UNIT ( .MILLI., .METRE. ) );
#1572 = VECTOR ( 'NONE', #1207, 1000.000000000000000 ) ;
#1573 = AXIS2_PLACEMENT_3D ( 'NONE', #1371, #1252, #51 ) ;
#1574 = DIRECTION ( 'NONE',  ( -1.000000000000000000, 0.000000000000000000, 0.000000000000000000 ) ) ;
#1575 = VECTOR ( 'NONE', #1486, 1000.000000000000000 ) ;
#1576 = ORIENTED_EDGE ( 'NONE', *, *, #1424, .F. ) ;
#1577 = LINE ( 'NONE', #963, #776 ) ;
#1578 = VERTEX_POINT ( 'NONE', #797 ) ;
#1579 = DIRECTION ( 'NONE',  ( -0.000000000000000000, -0.000000000000000000, 1.000000000000000000 ) ) ;
#1580 = DIRECTION ( 'NONE',  ( 0.000000000000000000, -0.000000000000000000, 1.000000000000000000 ) ) ;
#1581 = CARTESIAN_POINT ( 'NONE',  ( 0.2855000000000001426, 1.504999999999999893, -15.36500000000000021 ) ) ;
#1582 = ORIENTED_EDGE ( 'NONE', *, *, #653, .F. ) ;
#1583 = LINE ( 'NONE', #1459, #1572 ) ;
#1584 = EDGE_CURVE ( 'NONE', #466, #1177, #1008, .T. ) ;
#1585 = VERTEX_POINT ( 'NONE', #1549 ) ;
#1586 = DIRECTION ( 'NONE',  ( -0.08715574274765516827, 0.9961946980917457672, 0.000000000000000000 ) ) ;
#1587 = DIRECTION ( 'NONE',  ( -0.000000000000000000, 0.000000000000000000, 1.000000000000000000 ) ) ;
#1588 = DIRECTION ( 'NONE',  ( 0.000000000000000000, 0.000000000000000000, -1.000000000000000000 ) ) ;
#1589 = EDGE_LOOP ( 'NONE', ( #635, #1523, #938, #179 ) ) ;
#1590 = FACE_OUTER_BOUND ( 'NONE', #424, .T. ) ;
#1591 = EDGE_LOOP ( 'NONE', ( #811, #729, #798 ) ) ;
#1592 = UNCERTAINTY_MEASURE_WITH_UNIT (LENGTH_MEASURE( 1.000000000000000082E-05 ), #903, 'distance_accuracy_value', 'NONE');
#1593 = AXIS2_PLACEMENT_3D ( 'NONE', #36, #1520, #786 ) ;
#1594 =( LENGTH_UNIT ( ) NAMED_UNIT ( * ) SI_UNIT ( .MILLI., .METRE. ) );
#1595 = VECTOR ( 'NONE', #1397, 1000.000000000000000 ) ;
#1596 = EDGE_CURVE ( 'NONE', #448, #1155, #199, .T. ) ;
#1597 = SURFACE_STYLE_FILL_AREA ( #1212 ) ;
#1598 = CIRCLE ( 'NONE', #411, 2.263000000000000345 ) ;
#1599 = FACE_OUTER_BOUND ( 'NONE', #423, .T. ) ;
#1600 = VECTOR ( 'NONE', #38, 1000.000000000000000 ) ;
#1601 = ORIENTED_EDGE ( 'NONE', *, *, #1215, .F. ) ;
#1602 =( LENGTH_UNIT ( ) NAMED_UNIT ( * ) SI_UNIT ( .MILLI., .METRE. ) );
#1603 = ORIENTED_EDGE ( 'NONE', *, *, #385, .T. ) ;
#1604 = VECTOR ( 'NONE', #704, 1000.000000000000000 ) ;
ENDSEC;
END-ISO-10303-21;
